GYNZY;51.4387373;5.4783485
00AP;52.0527543;4.4726227
00BB;53.2450122;6.9766952
00BS;52.5857023;6.2807186
00DN;50.8931257;5.7321776
00DY;52.417798;5.8801927
00EB;51.6960872;5.9381113
00FI;52.8821736;7.0666116
00GR;52.3920749;6.0428167
00GX;51.911958;5.7883071
00GZ;52.4888117;5.4967796
00HA;52.2898179;5.6127213
00HH;51.5832145;3.7458461
00IJ;52.3768815;6.4832623
01VR;51.9687522;4.6080473
01VY;51.8623858;4.9921243
01WR;52.2909558;5.6148048
01XU;51.960115;4.5059349
02ZY;51.5120703;3.9039379
03AG;52.437006;4.6630148
03AH;51.3761443;6.1747099
03AZ;52.6422639;4.7313811
03BR;50.9386498;5.800548
03BW;51.9438678;5.926486
03CL;53.0972945;4.7605904
03CO;52.7869632;6.1382288
03CV;52.7712281;4.7479999
03DG;53.3653273;6.6316811
03DW;53.1838529;7.211131
03EH;52.4631521;5.9979079
03EI;53.4016087;6.6140362
03FJ;51.9797712;4.7672524
03GD;52.0447829;4.798117
03GE;51.9181886;4.4284249
03GJ;51.5017389;3.8626431
03GT;53.0959485;5.6190889
03GW;50.9967237;5.8619743
03HA;51.7336886;5.5318324
03HG;51.2798222;5.7417225
03HK;52.5207529;6.4191293
03HQ;52.6131141;6.1825129
03HR;52.9995267;6.5597037
03IX;52.0519333;5.275418
03IY;50.8459795;5.6587894
03JB;51.50676;5.3873322
03JC;51.6063856;4.7869034
03JI;52.2887668;5.9783482
03JW;53.1641642;5.7817542
03KA;51.6501872;3.9221089
03KF;52.2649844;4.7539947
03KR;53.1559234;6.7487638
03KT;52.7141715;5.7367083
03KW;52.0794495;5.2351688
03LK;51.8909943;6.3722686
03LR;53.201616;6.2504497
03LY;51.5706793;4.7874494
03MH;51.6047202;5.4992309
03MK;51.5868461;5.1500955
03NB;51.924216;4.481776
03NC;50.8482083;5.7267228
03NH;51.2468173;3.4436819
03NO;51.4536603;4.5850416
03NW;51.578012;4.7867123
03OB;50.8764445;5.8893964
03ON;53.1543013;6.7436263
03OP;50.8507896;5.6757982
03OR;51.267914;3.8977526
03PD;51.238437;6.0479882
03PF;50.8161703;6.0049307
03PH;52.1992548;4.6306235
03PK;51.6357886;4.9763063
03PP;51.5400286;5.5720936
03QD;50.8341069;5.6532573
03QH;51.5506324;6.0484637
03QN;51.5920881;5.5420735
03QQ;51.8618302;6.1141418
03QR;51.9281844;5.9293733
03QY;51.5902582;5.3198868
03RA;52.6353284;5.8259438
03RD;52.5945579;6.1024945
03RE;52.5490727;5.8980017
03RG;50.8553854;5.9460141
03RK;52.0822381;4.8808156
03RQ;51.8590216;4.5305521
03RX;52.9915016;6.9472931
03RY;52.7730091;6.9585032
03SB;51.6867064;4.9062217
03SC;52.4017268;7.0119763
03SE;51.2810609;3.8353239
03SK;51.4187365;5.5799533
03SL;52.8757402;7.0559017
03SM;53.1910666;5.6487132
03SZ;51.60685;4.271103
03TB;52.190408;5.382272
03TF;51.4263867;5.4595124
03TJ;51.5104929;3.6100414
03TQ;52.0852858;4.3681424
03TW;51.4534611;3.7728123
03TY;50.9349596;5.8355013
03VC;50.912888;5.9705822
03VI;51.6335202;5.582643
03VL;53.0396596;5.7900533
03VQ;51.9887411;5.9127238
03VV;52.5205869;4.788474
03WD;51.0400347;5.7755231
03WE;50.8945812;5.73048
03WF;51.6606541;4.8125043
03WI;52.2793169;6.2725762
03WM;51.3884074;5.1303274
03WU;52.9011878;6.9215716
03WW;51.9147178;4.4593808
03WX;51.3693979;5.2546003
03XC;52.8699933;5.9888426
03XZ;52.4080934;6.7844695
04BW;50.8073633;5.7664194
04DT;52.2354295;5.1739852
04FB;52.0246493;4.7080308
04FD;52.3401679;4.9670487
04FE;51.2206396;5.79485
04FJ;51.6910258;5.1801144
04FX;51.6382774;4.856824
04GB;52.5591129;4.7305369
04GD;53.0662235;5.5316853
04GH;52.0101496;4.5810555
04HU;52.8935076;5.5826623
04HW;52.7339926;6.1657614
04IM;52.1049276;5.0147155
04IP;50.8656738;5.7299274
04IR;53.3046836;6.1905217
04IY;53.3001957;5.7217329
04JS;52.3513219;4.8707094
04JV;51.4215369;5.5425427
04JW;53.233133;6.0902338
04KD;52.151244;5.3754122
04KI;52.1711328;5.392504
04KM;50.8555809;5.7079725
04LA;52.3449152;4.9053474
04LB;51.8328487;5.5861707
04LJ;52.7032194;6.1222332
04LN;51.9749001;4.3153645
04LV;52.5107154;6.5756141
04LX;51.8526019;6.1028337
04LY;52.9218294;6.7977114
04MB;51.8789386;4.9483322
04MK;52.7597118;5.0761624
04MS;53.0896157;5.8323257
04MZ;51.8338386;4.5668058
04NB;51.9331811;4.7843411
04NC;51.5963906;5.3175805
04NN;52.0896056;5.0838088
04NO;51.9120057;5.0372554
04NS;52.0778452;4.2683801
04NT;52.0005975;4.7764518
04NU;52.2615095;6.1556323
04NW;51.9906358;6.4285459
04OF;52.3796113;6.4763888
04OT;51.4705371;3.7400621
04PF;52.5579731;6.4236133
04PI;51.9678233;6.3102255
04PK;52.0210342;4.7163369
04PP;52.7240037;6.5378949
04PS;52.4164328;6.4418634
04PT;52.7234538;6.5347705
04PV;53.3259631;6.5273845
04QH;52.2779318;5.1691005
04QI;51.8122484;4.3369216
04QL;51.8995477;4.6819359
04QP;51.4896771;5.6456357
04QR;52.0207975;4.4937836
04QU;52.7266003;5.9631159
04QV;51.8807049;5.2775077
04QY;51.9570544;5.8807477
04QZ;51.0400347;5.7755231
04RA;52.4750144;6.0616944
04RF;51.9633053;5.033928
04RJ;52.0409773;6.6070936
04RM;51.5718739;4.4083155
04RP;51.3531419;5.315622
04RS;51.5900253;4.9076788
04RV;52.0098543;4.5805393
04SB;51.5018942;5.7776613
04SC;51.4587124;3.5702619
04SG;51.9797712;4.7672524
04SI;52.6623954;6.0107696
04SK;52.8013802;6.8972622
04SL;52.0057425;6.0268689
04SN;51.8245536;5.6293991
04SR;52.075436;4.3672811
04TE;50.9445106;5.7915125
04TI;50.9271207;5.8227111
04TK;51.7957194;5.025898
04TL;53.1641642;5.7817542
04TM;52.5509813;4.8850363
04TT;51.9549538;4.5111208
04TV;52.6704276;6.0623868
04TW;52.1046208;5.1727993
04TX;51.8566939;5.0332697
04UG;52.2021315;4.4116767
04UH;52.2367916;6.0483557
04UL;52.5663164;5.9317864
04UO;51.4034334;5.2094067
04UR;52.3986276;6.5530402
04US;52.4365641;6.581518
04UX;52.7605023;6.0123516
04UY;51.8318207;5.5831004
04VA;52.4005721;4.6190063
04VF;52.3260182;5.1171503
04VG;53.0004151;5.9501199
04VI;51.8487929;5.5653647
04VK;52.729804;6.1673424
04VN;52.2311123;6.1069934
04VO;51.482715;6.1823407
04WO;52.2246553;6.6813992
04WS;52.089145;6.2579113
04WU;52.144265;5.3732623
04XC;51.7510233;5.2207161
04XH;52.0709275;4.6427596
04XL;50.9489672;5.7734785
04XS;51.8839634;6.4487854
04XT;51.935378;4.6361547
04XX;51.5975095;5.3175643
04YU;52.7114014;5.2801023
04ZS;51.9992673;5.3091535
04ZZ;52.6788871;5.6796546
05BF;52.2229505;4.5642613
05BK;52.0856654;4.9604945
05BX;51.3880581;5.1788678
05CH;53.1758271;6.6194188
05CJ;53.3558687;6.4327436
05CT;51.1617403;6.0153156
05DB;52.9183027;7.0250879
05DG;51.9622743;4.5098609
05DQ;53.4081663;6.6685716
05DU;52.4318535;4.6365695
05ED;51.7122243;5.1983604
05EF;52.2307695;6.0923599
05EJ;51.5372524;6.0714573
05ES;51.2132132;5.7310631
05EV;52.6863572;5.1419751
05EZ;50.8381542;5.8923217
05FR;52.397071;4.9357746
05FU;50.947219;5.8120189
05FV;51.8870992;5.193339
05FW;51.8918759;5.904583
05FZ;51.4957433;5.3990593
05GF;52.068933;5.1948274
05GL;51.8634233;6.4832711
05GM;51.6197274;4.9457426
05GP;51.6234523;4.9493391
05GQ;51.6991048;5.1395274
05GU;51.4302374;5.5589723
05HC;52.0975261;4.3634264
05HD;52.0458312;4.2579735
05HL;52.434874;6.2371546
05HW;52.0075685;6.5186001
05IA;51.7688395;5.8726433
05IJ;52.0207975;4.4937836
05IU;51.9804554;5.7414409
05IW;52.0069773;6.0262114
05JA;51.7083081;5.3846593
05JC;51.9498908;4.4667323
05JI;52.786263;6.1177713
05JL;50.9370393;5.9430391
05JP;51.0041102;5.7696177
05JY;51.253274;5.7214545
05KB;53.1460085;7.0288085
05KL;51.720884;5.2625521
05KP;50.8582285;5.6708098
05KS;52.8432366;6.891411
05LL;51.4359268;5.5195954
05LN;52.2664389;4.633512
05LT;53.0631783;6.0800093
05LV;51.9932928;5.9144081
05MA;52.9562913;6.3463933
05MH;53.111635;7.1610688
05ML;52.4962102;4.6759352
05MU;51.8957492;4.16015
05NA;52.5434034;6.2383194
05NN;52.8551648;6.3680585
05NO;52.0410232;5.6567175
05NQ;53.1494619;6.5709322
05OC;52.9882512;6.8522709
05ON;51.7812207;5.9487032
05OU;53.3085174;5.783668
05PA;52.4762222;6.0646373
05PH;53.1563785;7.004815
05PI;52.3843367;6.4547092
05PO;52.1760424;5.1817725
05PR;52.5859681;6.2691995
05PS;52.5833002;6.2369204
05PV;51.969201;4.9778779
05PW;53.2733282;5.6041078
05PX;53.1641642;5.7817542
05QF;53.190704;6.2388455
05QK;51.9868149;6.0209002
05QX;51.9988381;4.6506465
05RB;52.1322473;6.5976924
05RC;52.9600786;6.9392357
05RD;52.9466606;6.9102562
05RL;51.9031211;4.942977
05RN;52.8356205;6.1642839
05SE;52.7618665;6.45738
05SX;52.7210377;6.2501538
05TB;51.9171901;5.1265533
05TG;51.8240116;4.7703915
05TH;52.8917164;5.6344484
05TU;52.3807917;6.0991492
05TW;52.2147941;4.9228772
05TY;52.6774163;5.9615929
05TZ;52.1708671;6.1451351
05UE;52.4256775;6.0710373
05UF;52.4247268;6.0738582
05UO;52.4608407;6.005043
05UR;53.1188208;6.2591673
05UY;53.1156542;5.5942825
05VD;52.5215849;6.010726
05VG;51.972936;4.5743498
05VL;51.8206876;4.2602104
05VM;51.8084636;5.1365575
05VP;52.3593566;4.8797944
05VR;52.2667003;6.1565304
05VT;52.2321208;6.9029236
05VY;52.0992528;4.3134248
05WD;52.3636967;4.6324463
05WF;52.2589349;6.8116671
05WH;52.2287409;5.1761556
05WM;51.9270816;4.5146638
05WR;52.1163472;4.352356
05WU;52.1009289;5.2661494
05XD;53.2027387;6.7915215
05XH;53.1415158;5.6044737
05XI;53.0164356;5.4800052
05XQ;51.9527189;5.7113613
05XR;51.8789215;5.462059
05YC;51.1885113;6.0201773
05YT;50.8617065;5.7877364
05ZH;52.6314687;6.2250527
05ZI;52.681362;5.023413
05ZR;51.8801294;5.6011143
05ZT;51.8744375;5.9645309
05ZU;51.4196355;6.1370546
06AI;51.5100086;4.2832497
06AL;53.3085562;6.4443128
06AO;53.3780867;6.6751843
06AP;52.7627202;5.1047208
06BA;50.961278;5.8277723
06BB;51.546781;4.8072706
06BC;51.7711526;5.934155
06BG;51.9137586;4.4786472
06BQ;51.6531606;5.2888825
06CI;53.3010975;6.6052327
06CN;53.111635;7.1610688
06CQ;51.1092203;5.8764536
06CZ;51.5181121;4.392318
06DG;53.2010179;7.0394275
06DJ;51.6953995;4.2120402
06DN;52.0533855;4.6448114
06DV;52.4606804;6.0098566
06DZ;51.2892497;5.7419213
06EI;51.689813;4.9559716
06EJ;51.6677517;5.0484557
06EL;52.8199363;5.9739254
06EM;52.6693146;6.007854
06EN;53.3282686;6.9134818
06EO;53.0000311;6.506839
06EP;52.6943608;6.1951147
06ER;51.7891928;5.0324348
06ES;52.0959482;4.2770575
06EU;51.5188772;3.99617
06EV;52.1957077;5.4667684
06FB;51.8710279;5.0744072
06FF;52.4884163;4.6627653
06FI;51.965033;5.5639045
06FK;50.9679452;5.7623555
06FM;51.5067104;5.4029538
06FR;52.2715125;5.7112942
06FV;52.2847565;5.9559886
06GB;52.2898939;4.5778534
06GN;52.1180119;5.1003384
06GP;52.2399058;4.7544847
06GR;50.7777436;5.7075429
06GS;52.6974815;6.1861087
06HD;52.5666737;5.9396168
06HE;51.8839876;6.3804812
06HK;51.6123529;5.1512625
06HL;51.4826537;5.2321687
06HO;51.4500744;4.9297147
06HT;52.1939862;4.4797593
06HU;51.5603641;5.6243368
06IA;51.5711844;5.0906813
06IL;52.3196429;4.6013867
06IR;51.3646843;5.1676072
06IU;53.0041435;6.0692467
06IY;52.2688568;7.0108463
06JP;52.1339592;5.5873751
06JQ;51.6117664;4.5124521
06JT;51.7329737;5.5242217
06JW;53.0142617;5.6172077
06JY;52.3812523;6.3211265
06JZ;51.1760349;6.0158201
06KD;51.8993029;5.0918495
06KH;50.9156748;5.886087
06KO;51.9827339;5.0810236
06LC;51.4244384;5.5687201
06LH;52.8603984;7.0875673
06LI;51.9707588;4.9380098
06LM;52.1865494;5.3735671
06LR;52.5213613;5.7269066
06LT;51.6086816;5.5398977
06LY;51.5131;5.3929491
06MA;52.0296906;5.5352969
06MC;50.9716345;5.8594994
06MI;51.6092599;5.5500577
06MS;50.7868556;5.9634936
06MV;52.0634312;4.2824035
06MW;53.150953;6.7512576
06MY;52.7974839;6.9088533
06MZ;52.2604328;6.693456
06NC;52.421605;6.7340894
06NI;52.8777117;6.0015362
06NJ;52.1345659;5.4285763
06NO;51.9237113;4.5103986
06NU;53.0820303;6.0480228
06NX;51.8384272;4.9482052
06OJ;50.8769487;5.6894547
06OQ;52.147987;4.4035525
06OY;52.0870841;5.0852221
06PA;52.287957;5.2671653
06PH;52.3358824;4.9597335
06PJ;53.0185487;6.2479531
06PQ;53.1866897;6.3294279
06PT;52.3508586;6.8559708
06QC;52.2637645;5.6079885
06QF;51.9159215;6.0822786
06QG;52.078073;6.22808
06QH;52.7213247;7.0413465
06QO;53.349705;5.8677706
06QT;53.1458064;6.2673028
06QV;53.2210566;6.3379171
06RQ;53.1836245;5.5395022
06RU;52.4920222;5.4887979
06RX;51.8400244;6.3895499
06SE;53.2809366;6.693659
06SI;52.7544963;7.0333085
06SO;51.8159444;4.4013323
06SQ;53.1055522;6.9819575
06TC;53.2744743;5.9972347
06TD;52.5998554;4.8889893
06TI;52.6284565;6.5560669
06TK;51.9965072;6.0705067
06TL;52.4312328;4.9152838
06UH;51.0282231;5.7840936
06UI;51.8732912;6.3730363
06UN;52.8539613;5.5175951
06VN;51.8339221;4.9845839
06VP;51.5243175;4.2801962
06VS;51.0836737;5.8121319
06VV;51.3509025;5.3056395
06VW;51.7106939;5.9146615
06VY;51.2754276;5.7798907
06WC;51.5884021;4.9068277
06WD;51.5187565;5.5966515
06WH;51.8231861;5.5032654
06WP;50.9521839;5.7743857
06WT;51.5632403;5.091989
06XI;51.6114103;4.7413044
06XP;51.5713922;4.8830863
06YB;51.5725104;5.072129
06YD;52.8183628;7.0594206
06YH;51.0036605;5.887708
06YL;52.7261872;5.6442578
06YR;52.8056088;6.0674519
06YT;52.1386792;5.5831723
06YZ;52.3918393;6.139135
06ZB;51.856667;5.6075713
06ZN;52.183789;5.4336976
07AF;51.8942485;5.081851
07AK;52.0623586;4.3007542
07AR;52.5205869;4.788474
07BH;52.660494;5.0870116
07BK;51.9776159;6.5171996
07BS;51.8535255;6.310286
07BV;51.0871859;5.9475358
07CK;51.8419467;5.4436585
07CM;52.3543784;5.9625813
07CU;50.9682794;5.9099175
07CZ;51.5883182;5.58934
07DA;51.3982266;5.269564
07DB;51.8483814;5.8453554
07DH;51.6451853;4.9017529
07DJ;51.5543847;5.0968758
07DZ;52.6111792;6.5749528
07ED;52.6783852;6.008069
07EE;51.4591492;3.9061982
07EF;52.2987449;6.8590349
07EQ;52.3324371;5.5349278
07ER;51.2895682;5.7600677
07FA;51.3779078;3.5083367
07FD;51.4981079;4.2878111
07FK;51.9247125;6.5834201
07FL;51.4025382;5.7361834
07FU;52.5949894;6.1039626
07FY;52.0050994;4.5376539
07GB;51.769731;5.3358281
07HJ;52.379715;6.6242375
07HL;52.2232405;4.4790917
07HQ;52.3593566;4.8797944
07IM;53.2577327;6.4601469
07IV;52.196819;5.4143792
07JK;52.3432026;4.8612824
07JR;51.4509211;4.0340262
07JU;51.9138021;4.0969807
07JV;51.8870992;5.193339
07KA;52.6206351;6.0424609
07KK;53.3577813;6.3797673
07KO;52.2299687;6.9073067
07KU;52.5245453;6.6149999
07LB;52.8555194;6.318262
07LF;53.3304377;6.0981241
07LH;52.2011968;4.3924352
07LI;52.214114;4.931107
07LJ;52.3784792;4.7445843
07LM;52.9579155;4.7488391
07LN;52.0233804;4.7057341
07LT;52.1988783;4.3981619
07LW;51.4894217;5.6617987
07LZ;52.0070154;4.2284092
07MK;51.8035352;4.6857437
07MN;51.359475;5.3160176
07NA;50.9342684;5.7997492
07NB;52.1426836;4.5226995
07ND;51.5615741;5.1078089
07NF;51.9600755;5.9658175
07NJ;52.4972309;4.6775833
07NN;53.0757621;6.5730018
07NP;51.3737719;5.2158527
07NU;51.5114998;5.6406348
07NW;52.7852518;6.121208
07OC;52.2316809;6.1105332
07OH;52.0608623;4.8220127
07OZ;51.9320507;5.7101869
07PA;52.9852365;6.5775325
07PB;51.6990281;4.8465628
07PJ;51.5940556;4.788276
07PM;51.8721336;6.3754639
07PW;51.4138041;5.5589999
07QB;51.9363115;6.1270013
07QK;53.1471351;6.5638341
07QM;53.1594873;6.7856402
07QO;52.6701833;6.7525125
07QV;52.8672295;5.4590297
07QW;52.2550583;4.7649849
07RC;52.3523275;4.8778066
07RE;50.9415699;5.8835079
07RK;52.0916565;4.96015
07RL;52.6560265;4.8547686
07RS;52.0122148;5.548783
07RV;51.9768954;4.2454081
07ST;52.053866;4.6557382
07TJ;52.3500844;4.8439391
07TK;52.4014526;4.9416851
07TM;51.9784285;5.9317254
07TO;51.3086835;6.1155199
07TP;51.8902243;5.8937222
07TV;52.1220025;5.1858519
07TZ;52.065525;5.2081785
07UA;51.9492984;5.2099852
07UC;53.324659;6.9122321
07UO;52.035127;4.2661561
07UQ;53.1670203;6.6072248
07UV;52.6959504;5.1785904
07UY;51.9386052;5.9363227
07VC;51.8620761;6.0448996
07VH;52.5116019;6.3611665
07VO;52.7844875;4.7835308
07VS;50.9899577;5.8690101
07VV;52.532173;4.7131443
07VZ;52.8698115;5.9973282
07WF;51.6985193;5.2204213
07WN;52.9834268;6.9653283
07WT;53.1989211;6.58688
07WV;50.8483052;5.6995822
07WX;52.2140918;5.2887018
07XA;51.9306759;5.3111458
07XM;52.0102549;4.5298416
07XP;52.0769306;4.6679824
07XS;51.6619399;4.0930808
07XV;51.6321785;4.368954
07YA;52.8734196;5.8205512
07YC;52.047109;5.6540139
07YK;53.2394269;6.2053202
07YO;52.0775143;4.2718813
07YZ;52.3979144;6.4373035
07ZE;51.8742031;4.9783238
08AF;53.3021269;6.3964365
08AK;52.0658118;5.5194834
08AQ;52.7126599;6.2887915
08AS;53.3889648;6.8430452
08BK;51.8113141;4.9065003
08BV;53.1239432;6.3461877
08BX;51.8228709;4.2547104
08CA;52.3548262;4.9371105
08CK;51.9227665;4.4595564
08CN;52.1820159;5.2965145
08CS;53.0142617;5.6172077
08CT;52.6791756;6.662652
08EM;52.2071068;5.2998157
08EP;52.6482062;6.6180436
08ER;52.6596328;6.2946037
08EU;51.9281155;4.8115714
08EW;52.340628;4.9599073
08FC;51.9612;5.4907508
08FF;51.9478936;4.8525296
08FU;51.3773663;6.128794
08FX;53.1641642;5.7817542
08GX;51.6836369;5.1219897
08GY;51.6979827;5.9800682
08HD;51.6412098;5.2868162
08HK;51.7837276;5.1236917
08HM;51.9591922;5.418468
08HN;52.1985511;4.8657111
08HO;52.2541399;5.6107023
08IF;52.234572;7.0393172
08IH;52.1796809;4.4706261
08IT;52.0295658;5.0448181
08JC;52.0399396;4.6399877
08JF;51.868894;4.6018616
08JL;51.9152334;4.5904544
08JM;52.5732285;6.2513105
08JQ;50.859204;5.8059368
08JT;51.6137254;4.7807393
08JV;51.625557;4.8439126
08JW;51.3284412;3.833443
08JY;51.9393521;6.0715426
08KE;52.0265268;6.6585475
08KH;51.9102001;5.8368342
08KJ;53.1641642;5.7817542
08KK;52.1269317;5.1045446
08KO;52.2046323;5.300433
08KP;52.2545217;5.0445803
08KR;52.3269035;4.8732081
08KS;51.8993525;6.3754956
08KV;52.6389455;5.0357836
08KX;51.4826537;5.2321687
08LE;52.0936552;5.2317788
08LJ;50.94929;5.9691116
08LL;52.3072198;6.7604025
08LQ;51.3581693;5.161515
08LR;51.489068;3.8892432
08ME;51.0106309;5.8371776
08MW;50.873579;6.070818
08MY;52.7293754;5.1594964
08NB;52.3793035;6.275731
08NH;51.9932044;6.5772192
08NJ;51.5022176;5.3747592
08NO;51.7434797;5.4648388
08NP;52.5728967;4.7018465
08OF;52.6870383;6.1817146
08ON;51.2518179;5.7000701
08PE;52.2425365;5.1154179
08PK;52.9554372;7.0539254
08PM;52.9369102;7.0094309
08PR;52.7008825;6.3181104
08QN;50.947944;5.9039264
08QO;50.837355;5.6934232
08QS;51.0390044;5.8622144
08QU;50.8664555;6.0274703
08QV;51.5162674;5.5896391
08QW;50.9537136;5.8714362
08RN;52.3801427;6.7075632
08RP;51.9610217;5.8122264
08RQ;52.5210435;6.0944042
08TJ;52.379178;6.4864633
08UC;50.8492553;5.6523078
08US;51.9977228;5.4582714
08UX;50.8252836;5.8175989
08UY;51.944004;4.5385567
08VA;52.3409512;4.8586015
08VC;52.7145753;6.9294406
08VE;52.3012903;6.7434862
08VH;52.2068048;6.8682634
08VP;52.0125636;4.7212655
08VR;52.0826809;4.3965246
08VS;52.5812164;6.6424093
08VW;52.4276311;5.836089
08VZ;51.8778945;5.2912237
08WC00;51.7977944;4.6607263
08WG;51.942228;6.4668527
08WK;51.625557;4.8439126
08WO;52.1866809;5.6171825
08WR;51.6815253;4.7936112
08WT;51.9322048;4.2364329
08WZ;51.5062523;5.6373346
08XG;52.0764935;5.4943841
08XL;53.0041293;6.5520191
08XO;50.9494844;5.7671058
08XS;51.4275959;5.5503187
08YI;51.5185779;5.2715838
08YM;52.0067682;5.5473426
08ZE;52.3930176;4.9610816
08ZG;51.5329058;5.6258158
08ZI;51.8881923;5.9001443
08ZK;52.0773907;4.7494468
08ZV;52.5135053;4.6616445
08ZW;51.3843277;5.5656997
08ZX;52.6019134;4.7099727
09AA;51.7832042;5.8499311
09AG;51.9379446;4.2300738
09AM;52.0109349;4.438007
09AS;51.4870431;3.6252859
09AW;52.1212588;4.4952848
09AZ;51.6995477;5.2096686
09BA;50.834092;5.9766592
09BO;52.0874516;4.7492003
09BP;52.0671317;4.6482029
09BQ;51.9011367;4.1629209
09BU;52.0982436;6.6583248
09BY;52.0051407;4.6987705
09CA;52.4764556;6.051359
09CB;52.3883805;6.0306209
09CG;53.0048574;6.127985
09CU;52.2556632;5.5921027
09CW;51.9425419;4.4246329
09DE;51.5786689;4.7747878
09DI;52.1683786;5.2778892
09DL;51.8644733;6.4978386
09DS;52.4300728;4.9103773
09DW;51.9816366;5.3439997
09EE;51.5155234;3.9923582
09EI;51.6778387;4.9802345
09FF;51.9490167;5.5208466
09FN;53.0943154;6.6761542
09FO;51.651098;4.0386208
09FV;53.0645983;6.4620696
09FY;50.988514;5.7735185
09GK;51.7451192;4.0962723
09GM;51.4649143;5.6383636
09GQ;51.927725;4.4905078
09HC;51.8993029;5.0918495
09HF;53.1450195;6.5032849
09HT;51.9676633;5.4547694
09HU;52.2032556;4.8531053
09HX;52.0789975;5.0375355
09HY;51.6490067;3.9061518
09IF;52.2561091;7.0037014
09IR;51.6584927;4.8771577
09IT;52.0223885;5.0415467
09JI;52.3741767;5.7777836
09JL;52.5750708;6.288862
09JN;52.4877563;4.6449832
09JP;51.585595;5.0733498
09JT;51.5712664;4.8080535
09JU;51.9297916;6.0667179
09JX;52.0982436;6.6583248
09KA;52.0395898;6.6104572
09KF;53.2089577;5.845858
09KQ;51.5514397;5.686403
09KV;51.3261108;3.4921035
09KX;50.8280829;5.7216688
09KZ;52.1292506;4.4491056
08LV;52.2561091;7.0037014
09LD;51.8862155;5.543493
09LO;52.2919867;5.2320899
09LP;52.3061597;4.6973209
09LR;51.8639076;5.7672103
09LS;52.3744599;7.012003
09LU;50.9270645;5.9374842
09ME;52.0496783;4.2438882
09MG;51.9841723;6.574932
09ML;50.9125277;5.9551023
09MT;51.5672696;5.0670098
09MU;51.9611155;5.9681259
09MZ;52.6953681;6.2174176
09NC;51.2643092;5.6832639
09NJ;51.5229205;5.4839137
09NL;51.9106615;4.1045483
09NT;52.6746499;6.4320423
09NW;51.6904318;5.2011164
09OB;52.7664041;6.8833888
09OF;51.1050069;5.8651205
09PB;51.7327084;5.139898
09PM;51.5996457;5.6088124
09PV;52.4854471;6.108586
09PX;51.8893684;5.6113121
09QC;52.4609786;5.03414
09QG;52.7225426;4.7381457
09QP;52.8654275;6.5065489
09QV;52.1878236;5.0951108
09QY;51.5900052;5.3375183
09RG;51.6906612;5.0935879
09RP;51.8789386;4.9483322
09RQ;52.1006868;6.6410013
09RU;52.379199;4.5412271
09SF;50.8225223;5.7229059
09SW;51.8114809;4.6863384
09SX;52.00358;5.459792
09TC;51.962761;4.5492937
09TJ;52.0576173;5.2912556
09TK;52.2572726;5.2303317
09TM;52.2692505;6.1697057
09TU;52.0257395;4.1709318
09TV;52.5668412;6.6011467
09TX;52.0007621;4.1555555
09UI;52.1645702;4.5353547
09UL;51.521182;4.4726827
09UO;51.5462522;5.0443324
09US;51.366419;5.2214639
09VB;51.5730353;5.0557046
09VD;50.9513555;5.7693839
09VH;51.9419865;6.1248381
09VI;51.541154;4.9407633
09VU;51.5062999;5.3301052
09VY;52.1138757;5.0929615
09WL;51.8955418;5.4296973
09WM;52.0370077;4.6369584
09WN;52.359833;6.6055336
09WT;51.5994249;4.7771494
09XC;51.8366367;4.1397891
09XD;51.778121;5.8629653
09XE;52.6600314;5.058034
09XF;52.2952802;5.2760387
09XH;52.3121425;6.9090493
09XR;50.7989011;5.9432047
09XT;52.1164014;4.4888995
09XW;52.3513041;4.606826
09YB;52.1439341;5.5789016
09YF;52.0785438;4.7451007
09YG;52.0709275;4.6427596
09YI;52.5327023;6.3110035
09YP;51.6642901;4.5309446
09YR;52.0904313;5.5821142
09YT;52.2960331;5.1517433
09ZF;51.5769204;4.7870174
09ZI;52.3532687;4.9164352
09ZS;51.7523721;4.5954865
10AC;51.4835695;3.9643481
10AZ;51.7399369;5.8710584
10BC;51.741859;4.6040832
10BD;51.9334588;5.4804863
10BF;52.2252436;6.5231754
10BH;51.9535521;4.8392173
10BK;53.0754063;6.69846
10BV;51.5160535;4.4638847
10BZ;51.8079726;5.2528606
10CH;51.496835;5.6623671
10CJ;52.3704649;5.7684969
10CU;51.8916403;5.1015903
10DF;52.7746688;6.2380147
10DG;52.2837078;6.3505061
10DH;51.9588173;5.3567934
10DI;52.2119414;4.8621454
10DJ;52.2585237;5.5972152
10DS;53.2644096;6.5917596
10DT;53.0839019;7.1288551
10DV;51.9721229;4.6130574
10DW;52.1796964;4.4936819
10EC;51.9848685;4.6763142
10EZ;51.5925624;5.0743674
10FD;52.1008908;6.6368553
10FJ;53.1886407;5.7881838
10FL;51.2909867;4.0554622
10FN;51.5191418;5.0535982
10FU;52.1020197;5.2504308
10FX;51.3547282;3.5533051
10FY;52.2939794;6.7400823
10FZ;50.8384781;5.732523
10GE;51.5653693;4.6409298
10GK;52.0412123;4.3178246
10GT;52.3791843;7.004135
10HG;51.5382139;5.0923036
10HM;52.704753;6.1938932
10HU;50.9737917;5.7703554
10HX;52.2455165;4.835588
10IK;53.2643818;6.0831443
10IL;53.0839547;6.6660187
10IM;52.6447589;6.0740059
10IU;51.4745831;5.7079485
10IY;52.680172;6.5790962
10JF;51.7253504;5.136631
10JL;51.6318706;4.9364921
10JO;51.5995367;5.6038049
10KD;51.3184734;5.9933138
10KQ;52.2794367;6.4221105
10KS;51.8817027;5.5879953
10KX;51.6298686;4.9239717
10LK;52.2491256;6.2943217
10LV;53.1614886;6.1419236
10LX;50.8502483;5.7222808
10MR;51.8336496;5.786785
10MW;52.2544849;6.2065363
10MY;51.8698923;4.4653605
10MZ;51.956256;4.4924745
10NM;51.8327369;4.6838238
10NO;52.4877864;6.1186094
10NQ;52.4609484;6.0021265
10NY;51.6025939;5.6683369
10NZ;51.6494074;5.9519822
10OD;52.4489781;4.8435584
10OK;52.4877864;6.1186094
10OU;52.6694862;4.8488071
10OV;51.9572373;5.7572185
10PC;51.8706792;5.4011418
10PE;51.5379032;5.6223618
10PM;51.3788499;5.5736427
10PN;52.6006865;4.6852413
10PO;51.8252725;4.1518768
10PX;52.7972957;4.7966237
10QC;52.0211833;5.0412937
10QE;52.0797917;4.8605958
10QF;52.3437687;4.6273255
10QG;52.9914367;6.9586552
10QM;52.0783401;4.7504981
10QO;52.4939135;6.2361732
10QS;52.030312;4.7113541
10QT;52.3908685;6.0499577
10QU;52.6612025;4.8193797
10QY;51.8993029;5.0918495
10RG;52.3052061;5.018434
10RK;51.6043525;4.7375454
10RO;51.9702344;6.289244
10RR;51.6909042;3.982028
10SO;52.0844083;5.4066936
10TQ;52.3546261;6.1218729
10UB;51.4781779;5.7001559
10UN;52.7588975;6.3534449
10UX;52.7732762;6.2038787
10UZ;52.2559021;5.6146163
10VA;52.983058;6.6460119
10VD;52.0918092;4.3884191
10VK;52.1939862;4.4797593
10VM;52.90714;4.9677318
10WG;50.8655548;5.8233639
10WH;51.5906073;5.08752
10WI;52.0069465;4.3767782
10WN;52.0448711;6.6069748
10WT;52.281799;4.854111
10WU;51.4826537;5.2321687
10WW;51.5618936;5.6910261
10XK;52.054067;4.3311413
10XL;51.832696;5.8017255
10XP;52.4255665;6.9669437
10YH;52.0464504;5.2321904
10YP;52.582426;6.6030812
10YQ;53.0921675;6.667508
10YR;52.7235924;6.9892475
10YS;53.2415808;5.9933501
10YW;51.3305903;3.8652707
10ZI;51.6331632;4.946836
10ZM;51.6255729;4.738194
10ZS;51.4769728;3.9622111
10ZT;51.9859231;5.8384202
10ZW;51.3227447;5.9978901
11AV;52.2498655;6.2866432
11BL;52.5353286;5.694477
11CB;52.7893261;6.9425701
11CF;52.3515393;4.6297332
11CJ;51.9585001;4.4657937
11CU;51.8410124;4.6905151
11CV;52.2077852;4.4171359
11DD;51.8163457;4.6709384
11DG;51.5691116;5.0482626
11DJ;50.8887056;5.7461568
11DV;52.2356434;4.7529404
11DY;50.9902955;5.8511576
11ED;51.8943174;5.4099032
11EF;51.5292988;5.624466
11EL;52.6521679;5.0934611
11EN;52.319218;6.9341793
11ER;52.2218094;4.5318829
11EW;52.0779921;4.872058
11FB;52.2487351;5.3670579
11FE;52.618664;6.0353655
11FG;52.3845362;6.0425139
11FK;53.1630018;6.3739251
11FO;52.3607211;6.4897704
11FR;52.3573316;6.578871
11FW;52.7833109;6.1183022
11GH;51.7396103;4.5499588
11GL;52.7134848;4.8018378
11GT;52.4656308;4.9502457
11HH;53.1164149;6.5946871
11HJ;53.1641642;5.7817542
11HK;52.2361493;6.5015685
11HN;52.715149;4.9378283
11HR;51.8714422;4.6517889
11IF;51.473514;5.7047176
11IJ;51.3926629;3.5602329
11IP;51.8179236;5.7916199
11IR;52.7478165;6.4999966
11IV;53.3935775;6.7155156
11JK;51.9697845;4.6052415
11JL;52.9;4.97
11JU;51.924216;4.481776
11JX;52.3703743;5.763895
11KC;51.5849387;5.0883714
11KJ;53.2099246;5.7823987
11KM;51.4826537;5.2321687
11KO;51.5426935;5.7138762
11LE;52.0479073;4.3330015
11LG;51.5592665;5.0756021
11LJ;52.0262495;5.165438
11LK;52.4044288;6.9537037
11LR;52.6987306;6.2235307
11LV;52.070252;5.1941155
11LY;52.3554659;4.9337473
11MD;52.7276141;6.99163
11MG;51.658035;5.0181226
11MN;50.8652404;6.0709941
11MW;51.9303746;6.0863832
11MZ;51.9771269;5.3386052
11OB;52.2972092;5.2735929
11OD;52.5213613;5.7269066
11OS;51.9677165;4.574068
11PD;51.8214529;4.4222755
11PL;52.2117923;4.4189719
11PQ;52.507675;4.9847171
11PS;52.666097;5.049836
11PW;51.5751997;5.0421323
11QC;52.7070393;5.7322765
11QG;52.9353741;4.7704799
11QH;51.9375892;4.3427429
11QK;52.0416919;5.0707994
11QN;52.8059128;5.6985868
11QO;51.8847076;5.4301971
11QT;52.3050659;6.9243744
11QX;51.8273962;4.6597569
11QY;52.0914201;4.9020254
11RH;52.2911388;5.2477255
11RI;53.1635436;6.3856387
11RL;52.3621513;6.4684349
11RO;52.0853785;5.4092047
11RP;51.7284021;5.3038855
11RR;52.7838341;6.1063008
11RT;52.2758292;4.7970621
11RZ;51.8246507;4.7875466
11SI;51.8570864;4.3923016
11SJ;51.5897375;4.8181751
11TI;52.7064765;4.9410477
11TY;51.4668587;5.6982798
11UH;52.2992786;5.0410952
11UJ;53.4207546;6.7667278
11VA;52.2948784;5.5992621
11VJ;51.924216;4.481776
11VM;52.3737314;5.7805309
11VR;51.5822933;5.0990677
11VZ;52.9992984;6.5536368
11WC;51.5811353;5.7705091
11WP;51.5752018;4.738952
11WU;52.3469213;7.0096524
11WV;52.3153143;4.9706355
11WW;51.5327508;5.9878038
11XA;52.1427641;4.4586749
11XF;53.2528919;6.3989343
11XK;52.0400409;5.682009
11XQ;51.3483539;5.4343146
11XU;51.4406831;5.6271795
11YX;53.2324887;6.8132815
11ZI;53.18626;6.1316395
11ZL;52.5117807;5.7237391
11ZQ;51.9094852;4.3999801
12AC;52.217716;5.490555
12AE;52.1302689;5.020453
12AF;52.4495012;5.850141
12AQ;51.6082512;5.738217
12BF;52.6407641;4.8151516
12BG;52.0438053;5.0871735
12BI;51.8956973;5.4466229
12BK;52.4977456;5.0574944
12BR;51.8334637;4.6434171
12BS;52.0793568;4.8729878
12BY;53.1603989;6.3671575
12CA;52.3545741;6.4862156
11LY02;52.3565122;4.9150066
12CF;52.784463;6.1390875
12CK;52.4029185;6.0588587
12CL;51.8215774;4.7711607
12DI;51.9822404;5.8535156
12DL;52.7426821;4.9503999
12EA;51.9494731;5.2300243
12ED;53.4062223;6.6713858
12EJ;53.157248;7.0285445
12EK;51.8722266;4.0661657
12EQ;52.2916826;5.6172376
12ES;52.7403016;5.0518384
12FF;52.0327538;5.0792804
12FL;53.1408289;5.7819002
12FO;51.4826537;5.2321687
12FR;51.5787014;5.7135895
12FT;52.5044228;6.1128449
12FX;51.8147263;5.7284825
12GC;51.5504;4.7376888
12GF;52.3245073;4.9626177
12GQ;53.2628369;6.399402
12GU;52.0184517;5.6529232
12HB;51.4435096;5.6164493
12HC;51.6140144;5.5397012
12HD;51.5528019;4.5851106
12HK;51.9784135;5.7384027
12HZ;52.5509486;5.9229105
12IC;52.2537228;4.8103062
12ID;51.8118682;4.6358987
12IH;52.3441267;6.0471131
12IX;52.4565043;5.6907305
12JD;52.2544849;6.2065363
12JT;52.0389755;5.6595853
12JU;51.8367812;4.6967593
12JW;51.8564855;4.3212612
12JY;51.8326606;5.8534243
12KD;50.8838291;5.7561652
12KJ;52.884884;4.7411654
12KO;52.0062521;5.0829457
12KT;52.5211168;4.9642905
12KU;52.2537228;4.8103062
12LB;52.3013695;5.2353492
12LD;52.2547448;5.5999429
12LG;52.394153;4.913226
12LH;52.7916028;6.134975
12LK;52.1363816;5.2075788
12LV;51.6127569;4.7874839
12LZ;52.5308071;6.4339222
12MI;53.0519058;6.6387615
12MT;51.5881538;5.1007882
12NA;51.3722613;3.4714569
12NG;51.7525124;4.368074
12NK;52.2323686;6.1003144
12NN;51.9150918;4.101348
12NS;52.7309617;5.0163306
12ON;52.3547437;4.8486369
12OQ;51.5269233;5.0512998
12OR;53.0177086;6.5613732
12PC;51.6104822;5.4493318
12PF;51.876498;4.4697106
12PG;52.1342304;4.4545363
12PI;52.1972984;4.4136572
12PJ;53.2420339;6.3989278
12PX;51.4917432;4.2862863
12QL;50.8987806;6.0176584
12QU;52.1422184;5.3750228
12QX;51.6186892;5.4464932
12RD;51.5060743;3.8958602
12RH;52.5681055;5.6400017
13PG01;51.8422402;4.340959
12SK;51.8372012;5.8900309
12SL;52.0079047;4.3457264
12SM;51.5805175;5.0140129
12SW;52.5128183;6.1185494
12SY;52.6559501;4.8292906
12TE;52.3264481;6.9208457
12TK;52.3693226;6.4493808
12TM;52.4085895;4.9194826
12TN;52.2399058;4.7544847
12TO;52.3883805;6.0306209
12TP;52.6953681;6.2174176
12TT;52.6987482;4.8077333
12UE;51.8839872;4.2241886
12UU;52.7858933;4.7865533
12UZ;52.7155077;6.481011
12VJ;52.1530846;6.1342981
12VO;51.9040083;4.0903617
12VQ;52.2937169;5.6360877
12VT;52.7069528;5.0986277
12WE;51.6047461;4.7913966
12WF;52.3849634;5.8052466
14JC01;52.4200381;4.8875712
12WJ;51.6589132;5.6341466
12WS;52.3080464;4.9619081
12WU;52.1222705;4.4462148
12XD;51.4428283;5.6243285
12XE;51.6258853;5.5524127
12XF;51.5511401;4.5879083
12XG;51.2872079;6.0909386
12XN;52.0161891;4.4331561
12XW;52.5466087;5.9117013
12YB;52.4969891;4.6685875
12YC;52.2831941;5.959208
12YO;52.2966292;6.1470799
12YZ;51.8260961;4.6916738
12ZD;51.8234133;5.8673366
12ZL;52.677806;4.8505865
12ZN;52.4056082;6.6115378
12ZO;52.0203131;5.0921079
12ZQ;52.3226935;6.9136519
12ZS;52.3817566;4.81736
12ZZ;52.3878571;6.0473302
13AA;52.6876787;6.1862211
13AF;52.1422398;6.7364116
13AK;51.8782415;4.1785247
13AL;53.1744139;6.6110904
13AQ;51.8969034;5.4434936
13AS;51.7322904;4.4413904
13AT;52.138203;6.52891
13AY;51.8239123;4.4004711
13AZ;52.7230007;6.4569753
13BC;51.9187529;4.4383965
13BD;53.0891544;5.6947993
13BF;51.9291094;6.0645304
13BM;53.1511386;7.034264
13BR;52.6183297;4.9821483
13CC;52.3898359;5.7985791
13CD;52.3916231;4.8728966
13CF;51.6708273;5.6186418
13CI;51.5826442;5.1752123
13CK;51.6266759;5.4182227
13CM;51.9362209;4.5759673
13CN;52.2975132;4.9840848
13CO;51.8919808;4.4875786
13CV;53.3222553;6.005478
13DH;52.5122073;5.4398875
13DR;52.5617182;5.8996575
13EH;51.489068;3.8892432
13EI;53.109642;6.2072995
13EK;52.0672626;4.2907322
13ES;51.829389;4.1457379
13FK;52.4977885;5.0550519
13FM;52.3658879;4.8548856
13FR;52.3642703;4.9438229
13FW;52.6284565;6.5560669
13GD;53.1450249;6.4231771
13GL;51.9193328;4.4129411
13GQ;52.714849;6.4502079
13GU;53.0928494;6.8527703
13GW;51.79377;4.2786413
13HC;51.8732128;4.0705126
13HD;51.4819032;5.4980192
13HM;52.0244447;4.316558
13HU;51.6186892;5.4464932
13HV;52.1605558;4.5376219
13HX;52.3187109;4.9880863
13HY;51.8889304;4.5556338
13IR;53.1905573;5.8288534
13IZ;51.3329366;3.8364328
13JH;51.848535;4.243868
13JJ;52.2887668;5.9783482
13JQ;51.407918;3.8547905
13JS;53.0060529;6.0654656
13JV;52.0916875;4.3218424
13KC;51.840211;4.1374849
13KK;52.009265;4.3728575
13KM;50.8787649;5.7370576
13KN;52.8035563;5.6959133
13KX;52.3528789;4.8078731
13LA;52.9514378;6.7955426
13LE;51.8957492;4.16015
13LW;51.9118424;4.443379
13MJ;52.6183407;4.9567882
13MK;52.7029335;5.0124889
13MM;51.8438244;5.3842018
13MS;52.376602;4.8762343
13MV;52.5202262;6.0486253
13MW;51.8004724;5.7218807
13MX;51.6158358;5.4316791
13MZ;52.3702157;4.8951679
13NA;51.8915653;4.5352372
13NH;52.3400247;5.2385477
13NX;51.9071058;4.4438056
13OB;53.0672068;6.6714749
13OF;52.7881778;6.108562
13OJ;51.8228295;4.6584639
13OK;51.8610526;4.2617624
13OT;52.9974746;6.0641405
13PG;51.8330781;4.3374228
13PH;51.8478134;5.8623227
13PI;52.0185352;4.3600181
13PK;52.4169216;6.6464918
13PN;52.3816402;4.8424151
13PR;52.3620741;4.7978011
13PS;52.7023611;6.1970574
13PV;52.8951819;4.7503469
13QD;52.6714699;4.8338499
13QJ;53.1931549;5.5379889
13QT;52.9962279;5.9383133
13QZ;51.9991966;4.3497291
13RD;52.6399328;4.995715
13RI;51.8302186;4.6888055
13MS01;52.3658217;4.8647269
13RO;52.2948284;4.9763183
13RS;52.0936633;5.133266
13RZ;52.3087492;6.4970747
13SB;52.1072987;5.1767475
13SE;52.3269313;5.5380903
13SJ;52.9361409;6.239371
13SN;51.820255;4.6125918
13TD;51.8875313;5.298936
13TF;52.0457613;5.6423578
13TG;51.8355883;4.3289517
13TM;52.3781064;4.8076464
13TR;52.2542952;5.6122368
13TT;52.6987306;6.2235307
13UB;51.8352774;4.9968676
13UJ;51.9011674;4.6845802
13UL;52.7240027;6.5075568
13UX;52.3039086;4.8544486
13VC;51.9611691;6.2705272
13VG;51.8259867;4.4802862
13VN;52.0218986;5.0765121
13VS;52.1125245;5.186472
13WB;51.8151621;4.6035242
13WC;51.8647227;4.2394879
13WE;52.3453277;5.9881198
13WQ;51.8266255;4.3301122
13WR;51.8120915;5.8406088
13WW;51.6977723;5.2635357
13WX;52.3553892;4.7928675
13WZ;52.5462343;5.9183557
13XH;51.9024121;4.1619191
13XI;53.1483041;6.7376073
13XJ;52.6871896;5.2232614
13XQ;51.9127288;4.3905936
13XS;52.3663245;6.6839489
13XW;52.7077921;6.5372396
13YG;52.9544147;5.932466
13YL;52.0067541;4.3492503
13YO;51.8653813;4.6199458
13YW;51.6268479;5.4157582
13YX;51.9491935;4.5744886
13ZB;52.451855;5.6934333
13ZN;52.4528423;4.5962214
13ZO;51.8298311;4.1895732
13ZR;52.9834268;6.9653283
13ZV;51.5310465;3.8161494
13ZY;52.0581561;4.3268753
14AE;51.6790335;5.3149182
14AG;52.3885105;4.6472776
14AI;52.3753943;4.8285413
14AS;52.9864974;6.5284394
14AZ;51.9127756;4.3824463
14BB;52.3503138;6.6738247
14BC;51.8986624;4.6771776
14BJ;53.1443501;5.7419129
14BT;51.4734966;5.4811201
14BW;53.0178984;5.6610972
14BZ;51.7959387;4.4848917
14CD;51.9529477;4.5913409
14CL;51.927725;4.4905078
14CW;52.8061302;6.0642561
14CY;52.3441987;5.9749043
14DP;52.3571501;4.7865344
14DZ;51.9270912;4.5886415
14EC;51.923285;4.3901245
14EK;53.0844116;6.8611282
14EW;51.839207;4.1299919
14FA;51.8054692;4.5598891
14FD;52.5136436;5.7243175
14FE;51.7004074;4.6255383
14FI;52.2997678;6.5189776
14FR;51.8237086;4.2564392
14FX;51.5127489;3.8787736
14GK;52.4074231;4.6476189
14GL;52.3866833;4.9155311
14GU;52.6591729;4.8308582
14GW;51.9181318;4.3857554
14HB;51.9387167;4.4676859
14HD;53.1156542;5.5942825
14HH;52.9476996;5.9140999
14HO;51.4801553;5.4457149
14HU;51.8937389;4.5126291
14HV;52.5137849;5.7104798
14HY;51.9310805;4.5029187
14IH;51.0014277;5.8737424
14IM;52.9969553;6.9661026
14IW;51.8226378;5.8530641
14JC;52.3947124;4.9299047
14JK;51.9369683;4.5974412
14JR;51.9306337;4.4635402
14KH;51.7883482;4.4711755
14KK;51.8948547;4.5657906
14KP;51.9349374;4.4735494
14KW;52.0142845;4.3554199
14LD;53.0399344;5.7824628
14LP;52.3950174;4.9587979
14LV;52.986882;6.5824254
14LZ;52.0436187;6.1049452
14MH;52.166751;6.4844264
14MK;52.160774;5.3669044
14MS;51.842163;4.1535581
14MU;51.8828055;4.6024676
14PU;52.5241695;5.7239347
14QN;53.0396596;5.7900533
14XL;52.959671;4.7645551
14XU;51.9337217;4.3817642
14YF;52.946134;5.9376655
14YM;51.832325;4.1369641
14YS;51.4261353;3.913029
14YV;51.8267115;4.645753
14YX;52.0701193;4.5118516
14ZB;53.1630018;6.3739251
14ZJ;52.1097869;5.1284143
14ZK;51.9368035;6.2297415
14ZO;51.5729575;4.9521282
14ZQ;51.4293926;3.8230082
14ZS;52.8739959;6.9463773
14ZT;51.8647227;4.2394879
14ZW;51.9886329;4.6721235
14ZY;51.8027352;5.4628394
15AB;51.551591;5.1025711
15AI;52.2137016;5.169443
15AO;52.9846486;6.2909985
15BD;53.0396596;5.7900533
15BG;52.12839;4.6685688
15BP;53.3184551;6.139136
15BQ;52.718672;6.4807927
15BW;51.4942088;4.0429563
15CA;51.8334903;5.6822546
15CC;51.8443737;4.3538932
15CG;53.4158974;6.7312863
15CK;51.4961177;5.2078429
15CM;51.3980965;5.2381845
15CO;51.9859365;5.9743192
15CP;51.9336862;4.2717327
15CZ;52.1463908;5.39426
15DB;51.575941;4.7676251
15DC;51.6913864;5.1231961
15DK;52.0633241;5.119404
15DL;53.0997483;6.8721647
15DQ;52.8091287;5.9197766
15DY;53.2238383;5.9157734
15EG;52.5008864;6.112998
15EJ;51.9290626;4.3705629
15ET;52.9344334;5.957001
15FE;52.0666801;4.5051179
15FK;50.8496419;5.6818956
15FL;52.5694267;5.6428235
15FM;52.5125807;5.5053768
15FQ;52.2413258;5.1804871
15FU;51.0076351;5.8657047
15GC;53.0396596;5.7900533
15GR;52.1844593;4.4771368
15GV;51.8799635;6.2598472
15GZ;51.9946804;5.973766
15HB;52.1618804;5.365543
15HH;52.1850331;5.950505
15HJ;53.2024251;5.7944513
15HT;51.9425933;4.3830007
15IF;51.8388619;4.1504983
15IK;52.2442456;6.2233605
15IQ;50.8527933;5.685082
15IX;52.9473492;4.7367007
15JA;50.9911176;5.8561975
15JF;52.0438053;5.0871735
15JN;52.3413783;4.7772751
15JO;53.0291356;5.9902947
15JP;53.1641642;5.7817542
15JS;52.1348471;4.6549044
15JT;51.701728;4.8808661
15JU;51.5600913;5.0625717
15JV;51.9833059;4.4631669
15JZ;51.6826697;5.1339076
15KE;53.2087756;5.776801
15KG;53.0980036;6.0894963
15KL;51.9331325;4.608001
15KN;51.9434596;4.3664634
15KQ;53.3272298;6.8907565
15KU;53.0062352;6.1234233
15LG;53.1126941;6.873805
15LH;52.5101988;5.4469571
15LR;50.9994956;5.869519
15LV;52.0330336;5.0714845
15LW;53.0536556;7.0128798
15ME;53.1641642;5.7817542
15ML;52.1481446;5.4058083
15MP;52.0607556;5.1334532
15MW;53.1633788;6.7784888
15NI;52.9802293;6.1023565
15NM;51.9830705;4.3605863
15NQ;52.6605968;5.8986735
15OB;51.0079674;5.8523903
15OF;52.0416919;5.0707994
15OH;51.8266334;4.3267207
15OK;53.0396596;5.7900533
15OR;53.1641642;5.7817542
15OV;51.9608901;5.8631449
15OZ;52.1762514;5.3956684
15PD;52.0785259;5.0887749
15PO;51.9176015;4.5466725
15PW;52.9655326;5.9978274
15QA;51.8252725;4.1518768
15QY;53.1641642;5.7817542
15RE;51.9557648;5.8981557
15RL;52.066933;5.1010279
15RP;52.9377025;4.7474835
15SH;52.1800547;4.5028517
15SK;51.8307035;4.1629765
15TG;53.0396596;5.7900533
15TO;51.4817246;5.4252483
15TP;51.9588684;5.9225688
15TT;52.1685718;5.4156811
15TV;51.8038883;5.8253741
15UB;53.1197446;6.08469
15UJ;52.385843;4.6394552
15UN;52.9500747;6.0550834
15VE;52.9377025;4.7474835
15VL;52.025472;5.0745732
15VM;51.8302572;4.3135272
15VS;53.1641642;5.7817542
15WG;52.0768001;5.1171257
15WI;53.2069938;5.8224798
15WK;52.5125807;5.5053768
15WU;52.9495289;5.9573136
15WV;52.1637246;4.5104553
15WX;51.8328176;4.1629768
15WZ;51.5269233;5.0512998
15XJ;52.884884;4.7411654
15XN;50.9954458;5.8936878
15XW;52.3093698;4.6647236
15XZ;52.0712424;4.2971274
15YB;52.144725;4.6548451
15YF;52.6438948;4.7534369
15YG;52.1705328;5.3872543
15YJ;52.0775771;4.5145396
15YO;53.085145;6.0477923
15YX;53.0004151;5.9501199
15ZJ;52.2268994;5.9900536
15ZK;52.8946247;4.7385962
15ZO;52.0354686;4.7038216
15ZP;52.2622877;6.8203673
15ZQ;52.0128432;5.0915278
15ZZ;52.0945419;4.356319
16AA;52.1440641;4.6790926
16AB;51.9687018;5.8979018
16AD;52.3840952;4.8518075
16AF;52.1094465;5.0871486
16AP;52.514034;6.11377
16AR;52.3949598;4.6302306
16BE;51.6418191;4.8520316
16BL;52.112667;5.0896411
16BO;51.8512035;4.5492065
16BR;51.9570544;5.8807477
16CA;52.5185166;5.4605692
16CB;53.1525305;6.1426311
16CF;52.5076132;6.0864255
16CH;52.4026957;4.6344734
16CI;52.1565134;5.4144531
16CN;52.7155427;6.4847876
16CP;52.215201;5.1802887
16DG;52.6324568;4.738731
16DH;52.0967261;5.1071122
16DK;53.1885969;5.8151481
16DM;52.5136812;5.4949236
16DY;52.4346946;4.8460066
16EJ;52.112667;5.0896411
16EN;52.1544991;4.6580112
16ET;53.1966467;5.8070176
16FI;52.7211704;6.4597453
16FK;52.1922124;5.9747124
16FR;52.2619105;4.6199232
16FT;51.9386244;4.5979991
16FW;52.6370309;4.723535
16GD;52.0689669;4.4942456
16GL;52.1466301;5.3724333
16GT;52.2165945;5.9813258
16GU;51.6441612;4.8677843
16HS;52.4065733;4.6424784
16IA;52.1841816;5.9462245
16IB;51.6601103;4.867232
16IC;52.3645235;4.659261
16IL;51.9783052;4.1320375
16IQ;52.6191256;4.7528328
16IT;53.1496052;5.8071542
16IV;52.4941713;5.4992457
16JC;51.9304358;4.4815605
16JQ;52.3498264;4.6816509
16JV;52.6611503;4.7566911
16JY;53.1784497;5.8045774
16KA;52.5092898;5.4578945
16KE;52.5375045;6.0979947
16KS;51.8464419;4.4223459
16KZ;53.2252091;5.820179
16MB;53.1911285;5.7847583
16MC;52.5063894;4.9918798
16MO;52.3636148;4.6456909
16MW;52.389789;4.9161996
16NB;52.4949928;5.4540623
16ND;52.0757876;4.513512
16NG;52.3637308;4.662075
16NU;52.5101988;5.4469571
16NV;52.2218473;6.9048801
16OC;52.3445731;5.2099145
16UB;53.2007384;5.779346
16UD;52.5042947;5.4628356
16UN;50.8641996;5.7160889
16UO;52.0938365;5.0949622
16UQ;51.2722488;3.4447293
16VU;50.831502;5.7046915
16WH;52.054298;4.2495383
16WI;52.4166983;5.8738842
16WJ;51.9068229;4.5106373
16WL;52.4592328;6.5653569
16WT;52.3486403;4.651809
16XP;52.4583048;6.5738309
16XX;51.9372874;4.4800355
16YA;52.6650437;5.0686134
16YB;51.8956932;4.5003759
16YJ;52.4544408;6.5582103
16YQ;52.4106669;4.6737914
16YW;51.9611562;4.5722689
16YX;52.2728158;4.4967458
16ZB;53.2064844;5.8479408
16ZM;51.865463;4.3569793
16ZP;52.0529446;4.2378621
16ZR;53.2145004;5.7860865
16ZT;52.1960113;6.8818461
16ZZ;51.5280657;4.4664615
17AC;52.3527753;4.9342872
17AP;51.9095596;4.5092395
17AS;52.187933;6.8552768
17AV;52.3888253;5.2348191
17BB;52.3607102;4.8314863
17BY;51.5169397;4.475065
17CB;51.8943202;4.5499497
17CN;52.7278889;6.9890131
17CW;52.7204908;6.9937838
17DK;52.399744;5.271496
17DR;52.2244562;6.9164035
17DX;52.1976501;5.9834993
17DZ;52.0789756;5.1389862
17EA;51.8778906;4.5138205
17EC;53.2514046;6.5889886
17EF;51.5436788;4.4794652
17EI;51.889636;4.5180895
17EL;52.1870412;6.8832939
17EO;51.938768;4.5539693
17EW;53.2332998;6.613208
17EZ;51.5324513;4.4887181
17FC;51.8856153;4.4778005
17FH;51.9340205;4.439443
17FR;51.5396478;4.445766
17FW;52.2280732;6.9255033
17GU;52.2002775;6.0091406
17JG;53.2203383;6.5669214
17JH;51.9538003;4.4678635
17KJ;51.8253424;5.8459324
17KZ;51.4409418;5.5090531
17LB;51.9343914;4.3386551
17LF;51.550127;5.0789264
17LH;51.064605;5.8577388
17LT;52.1922124;5.9747124
17LU;51.8345091;4.3146325
17LX;51.9344554;4.3516362
17MF;53.1927261;6.5513763
17MM;52.3544506;6.6720998
17MQ;51.5493838;5.0647475
17MR;52.0926187;4.3211005
17NF;52.0667494;4.3324384
17NI;53.1888574;6.5719603
17NQ;52.0634312;4.2824035
17NS;52.2164318;6.8578283
17NU;51.9639528;4.5446051
17OB;51.9147247;4.3227812
17OE;52.2264881;5.9790852
17ON;52.0866987;5.1521712
17OS;51.9129665;4.338154
17OY;51.9629677;4.5359213
17PA;52.1034194;5.101243
17PB;52.0583731;4.2724178
17PG;51.4447008;5.4371269
17PK;52.2254269;5.9930674
17PN;51.9446583;4.5612007
17PU;51.4874319;5.4474664
17PV;51.4713831;5.4978217
17PY;52.0798574;4.2784843
17PZ;52.2168444;5.9868348
17QA;52.19019;6.9022877
17QF;52.0940119;4.3593798
17QL;51.4701399;5.4689421
17QM;51.9083247;4.3407839
17QQ;53.2058609;6.5078591
17RI;52.0913883;4.3234096
17RL;51.9485676;4.562631
17RV;52.0815812;4.257101
17RX;51.9584516;4.538567
17SL;51.9578461;4.5553012
17SQ;52.1947471;6.9027774
17SU;52.0659652;4.2948496
17SX;51.4631318;5.4782375
17TD;52.0838404;4.2815794
17TG;51.4268542;5.5085421
17TI;52.2649036;6.7973707
17TK;52.2168522;6.9241753
17TN;52.0603496;4.2640529
17TT;52.0489344;4.297909
17TY;52.0483054;4.2934787
17UA;51.4778993;5.4913175
17UD;52.0564163;4.3181486
17UE;51.9334569;4.4700889
17WX;52.2203769;5.2717564
17WZ;51.1372251;5.8857986
17XC;52.0655318;4.2740974
17XW;51.6064429;4.8220216
17YN;52.0722654;5.1152274
17YO;52.0652907;4.3314255
17YX;52.0919629;5.0886271
17YY;52.0749032;4.3219624
17ZD;51.9156842;4.4579016
17ZF;52.1588549;5.973147
17ZH;52.0704599;4.3129827
17ZL;52.0825664;5.130363
17ZM;52.07492;4.2980119
17ZO;51.915729;4.4377011
17ZR;52.0718338;5.094884
17ZS;52.0811685;4.3378324
17ZU;51.9111476;4.4435221
17ZV;51.4645678;5.4893647
17ZZ;52.0580216;4.3308093
18AB;51.4585013;5.4613882
18AE;51.4271071;5.4979184
18AF;52.2224686;5.9483863
18AH;51.9262121;4.4661096
18AQ;51.4391248;5.4549102
18AR;52.0248495;4.2911265
18AX;51.8343674;4.3431103
18BA;53.2215086;6.5488685
18BK;51.4210139;5.4605039
18BM;53.2260401;6.5725659
18BN;51.4838996;5.5023872
18BO;51.9641434;4.5758899
18DX;52.1999296;4.8936187
18EG;53.2740622;6.5337879
18EP;52.5065995;4.8476201
18ES;50.9980726;5.8785449
18ET;52.2147941;4.9228772
18FG;52.2533281;4.4847242
18FJ;51.8100935;5.3854019
18FK;51.8785285;6.2513429
18FU;52.2571567;5.3747108
18GD;51.8338386;4.5668058
18GQ;51.6985614;5.210518
18GW;52.450453;5.8534112
18GY;51.8864747;4.4736377
18HT;51.9073745;5.3314725
18ID;51.8194533;3.9820068
18IE;52.1549501;4.7762501
18IF;52.2975719;6.4830219
18IK;51.8236924;5.0501924
18JM;51.9443947;6.0242041
18JU;51.8974343;5.3849995
18JX;51.4223472;5.4897172
18JY;52.2482403;5.3704082
18KB;52.2642149;5.2430564
18KD;51.8180728;3.9773845
18KP;51.9852529;5.0784589
18KU;52.6985778;6.3182611
18KV;51.6528192;5.0348546
18LB;53.2370512;6.6169696
18LE;51.8810419;5.2930542
18LI;51.914572;5.4012951
18LP;51.8180728;3.9773845
18LX;51.8709476;4.4833488
18LY;53.391354;5.31527
18LZ;51.9969956;5.1021277
18MA;52.2803736;5.151975
18MM;52.8593615;6.2101451
18MX;51.9416905;5.3102405
18NA;52.6967776;6.6131886
18NC;52.7011117;6.7545155
18NN;52.674173;6.2846315
18OC;51.9019162;5.3460821
18OF;51.4239968;5.4418324
18OQ;52.6719017;6.7450021
18PM;51.9502581;5.2960118
18PW;52.5137913;4.6853164
18PY;51.9752214;5.6782529
18QA;53.1411075;6.5595195
18QD;52.5746205;4.9994156
18QH;53.1277664;6.2919964
18QK;50.8966873;5.9888293
18QY;52.516651;4.675039
18QZ;51.8698923;4.4653605
18RA;51.9798319;5.6623741
18RC;53.1365427;6.5548875
18RL;50.9004939;5.9558036
18RR;53.0524311;4.7967022
18SE;52.5205869;4.788474
18SO;53.157383;4.8682107
18SY;52.5038526;4.7662595
18TH;52.1556125;6.5604354
18TP;52.876672;6.9517174
18UC;52.5023582;4.7505207
18UG;51.7899814;4.6964959
18UR;52.3595663;4.9135313
18US;53.0854292;4.8708663
18VC;53.0353722;4.8457395
18VF;51.8957553;4.4991895
18VR;51.8974394;4.5114318
18VV;52.3015685;4.9694826
18VZ;52.8455348;6.8927219
18WB;52.488524;4.7985734
18WK;52.3817566;4.81736
18WQ;52.883505;6.830515
18YZ;51.733513;4.8990545
18ZA;51.98911;5.9845287
18ZC;52.0094447;4.2228594
18ZH;51.8736629;4.5193286
18ZL;52.3259469;4.981391
18ZX;52.3688271;4.8560028
19AI;52.3534491;4.9182177
19AS;51.437456;5.4400713
19AT;51.9606487;4.2094047
19AX;52.4583389;4.830635
19BA;52.0430117;5.6489805
19BB;51.4775687;5.4642707
19BE;51.9054027;4.5063435
19BH;52.3052061;5.018434
19BJ;51.445275;5.473153
19BQ;51.4863227;5.4335565
19BU;51.882358;4.5442564
19CB;51.8894264;4.5505416
19CH;52.3642703;4.9438229
19CT;51.8537601;4.3718221
19CY;52.2129504;5.1774162
19DQ;51.8690127;4.3642986
19IV;52.8540173;6.3082911
19KI;51.8364615;4.6300331
19KK;52.8594487;6.2744965
19LD;52.2176813;6.9735369
19LE;51.5901063;4.9225456
19LF;52.284776;5.9582831
19LU;52.19019;6.9022877
19LV;51.5946884;4.909814
19MG;51.5921333;4.9223639
19ML;52.3362978;5.6346788
19MN;52.2220552;6.9190655
19MY;52.2068048;6.8682634
19NB;52.2139573;6.9111408
19NH;52.2401729;6.8843585
19NQ;52.0634312;4.2824035
19OB;52.1935762;6.9016101
19OM;51.9996669;5.9443381
19OQ;52.0703943;4.2893528
19OY;51.9825272;5.9612043
19RD;51.9814416;5.9294408
19RK;52.4129102;4.6493744
19SF;51.4805722;4.6543906
19TK;52.1837999;5.2991383
19TL;51.4687771;4.6506748
19TM;52.0850548;4.2755027
19TO;52.1064744;4.2857579
19UF;52.4041783;4.648981
19UI;51.4556723;4.6403389
19UJ;52.0847981;4.2622895
19UZ;51.4695714;4.6647503
19VB;52.0437797;4.280412
19VH;52.1037976;4.2724327
19VJ;50.863088;5.6564194
19WE;51.9479298;5.8577157
19YH;51.6836369;5.1219897
19ZG;52.3771064;4.7981992
20DV;52.011289;4.2555229
20FB;52.1325252;6.210943
20FK;51.8900299;4.5685084
20GP;51.510205;5.4853506
20GW;51.5229205;5.4839137
20HA;51.9272292;4.5090035
20IR;52.0828284;5.2182609
20KW;51.8588671;4.3780829
20OQ;51.9146892;4.5983481
20PG;51.9179306;4.6205391
20PN;51.9230345;4.6138531
20SG;52.3645235;4.8643696
20SJ;52.3579122;4.922336
20TD;50.9083174;6.0275842
20TS;52.3495434;4.8786488
20UV;52.3696049;4.8613052
20VE;52.2975132;4.9840848
20VI;52.3095097;4.979533
20VJ;52.3549718;4.8814303
20VN;52.3753666;4.8061109
20XO;52.3896249;4.8877139
20XR;52.3080464;4.9619081
20XY;52.393543;4.9942861
20ZD;52.4133344;4.8861221
20ZT;52.3867335;4.9165073
20ZV;52.4190058;4.9013841
20ZZ;52.3557315;4.7840825
21AD;52.3549619;4.8014576
21AG;52.3553892;4.7928675
21DA;51.5067868;5.7400803
21DL;51.4500744;4.9297147
21LO;52.0295604;5.1516484
21LS;53.0183647;6.5822943
21LT;53.0181564;6.5856183
21MX;51.5300434;5.0869661
21NF;52.5155354;5.7211633
21NH;52.4967083;4.9671062
21NI;53.2527952;6.1481357
21NO;51.8553635;5.7605948
21NP;51.4834107;5.1361285
21ON;51.6266586;5.5609662
21OP;52.1303686;6.2318553
21OU;52.2337931;4.8168945
21OV;51.5353705;4.5581545
21OY;51.6649932;4.8649935
21PP;51.6223039;4.7386636
21PR;51.6188292;4.7400951
21PU;52.7480321;6.8933547
21QF;52.3676248;6.6787945
21QG;52.3316232;6.645606
21QU;53.076753;6.6932621
21RD;52.2198157;5.4949216
21RE;51.7226899;5.3615021
21RP;52.3112763;4.6494198
21RT;52.1827556;5.4057794
22FC;52.4978585;4.9737004
22FH;52.1768607;5.3778144
22JB;52.347052;5.6208142
22JD;51.9474912;5.8913784
22JE;51.9474912;5.8913784
22JG;52.4915513;6.0971053
22JH;52.3259076;5.5424015
22JI;52.3240472;5.5437111
22JO;50.9910678;5.8602769
22JP;51.4102375;6.0332216
22KA;52.448277;4.8004743
22KE;52.0080347;4.7429685
22KG;52.1495323;4.4499774
22KI;52.0155282;5.6595301
22KL;52.7210434;6.4416626
22KM;52.7210434;6.4416626
22KO;50.8297391;5.7290155
22KU;51.5206319;4.4812571
22KY;52.0464543;5.6478524
22LE;52.3712107;4.9477118
22LJ;52.0253956;5.5452899
22LN;52.2233162;4.4904313
22LU;51.6615762;4.8601034
22LZ;52.3513041;4.606826
22MD;51.9939804;4.2202972
22MH;52.0634351;4.3043287
22NT;51.9164145;4.4324319
23AD;51.1462856;5.8938548
23AM;52.3038071;4.6568319
23BP;52.5151443;5.7053218
23BU;50.8450195;5.6931304
23BW;51.4826537;5.2321687
23CD;51.9392598;5.8949783
23CG;51.5420774;5.1845057
23CJ;51.0677245;5.8532446
23CR;51.8370192;4.3589366
23CT;51.9625875;5.5748753
23DM;53.1075603;6.8685277
23DU;52.6271378;6.0360597
23DY;51.580908;5.0079197
23EA;52.5047036;4.9423561
23EK;52.4957293;6.0931953
23ER;52.3675041;5.1827454
23EW;52.1357288;5.0524202
23FF;52.2998172;4.9930631
23FH;52.0387028;4.4863214
23FM;51.8805577;5.3792852
23GW;51.8883801;4.4684279
23PG;52.1908541;5.3930826
23PN;52.2354994;5.370011
23PR;52.0214731;5.6379482
23RF;52.2997792;4.6697264
23RH;52.118263;4.6493403
23RL;52.5753258;6.6447276
23RR;52.3332698;5.5219506
23TB;52.4901029;4.9628885
23TM;52.1676987;5.2914935
23TN;51.3852977;5.7203731
23TT;52.1366603;4.6537721
23UF;52.0210998;5.0277739
23UG;52.0210998;5.0277739
23UL;52.4326329;4.6527418
23UN;51.8330781;4.3374228
23UT;52.6667087;5.6059841
23VH;52.1467021;4.6572341
23ZH;51.5639098;5.1002789
23ZY;52.374514;5.1782109
23ZZ;52.261793;5.5851364
24AC;51.4871403;5.4768999
24BM;52.3491654;4.8169069
24BN;51.7930946;5.7373683
24CN;51.9413641;6.0049277
24CP;52.0405305;4.4674126
24CR;52.0363009;4.4774447
24CZ;51.3475498;6.1379449
24DB;51.0351595;5.8149775
24DH;52.150927;4.4865665
24DV;51.4045499;5.7613039
24ED;52.7943149;6.8949473
24EE;50.8410912;5.7097286
24EL;51.4915797;4.3047235
24NA;51.8357691;4.1405202
24NK;50.8750378;5.8272364
24NV;50.7788206;5.7099168
24NX;51.9062538;4.5013487
24NY;51.9268244;4.5478168
24NZ;51.9350722;4.5441597
24PA;51.9272877;4.5529207
24PB;51.9039218;4.507687
24PC;52.6535634;5.097883
24PU;52.2062891;4.8868811
24RK;52.3750711;5.2429396
24RZ;51.5993988;4.7855208
24TZ;52.3325874;5.5285001
24ZB;52.0888059;4.9134057
24ZD;52.0824808;4.9073569
24ZJ;52.1078362;5.0956371
25GK;51.6314792;5.5600665
25KD;52.6554249;4.818952
25KG;52.5353286;5.694477
25KL;52.01207;5.0412891
25KP;51.9935322;4.5061262
25KR;51.9935322;4.5061262
26AD;52.3994198;5.2932606
26AF;51.8539645;4.5040614
26AJ;52.2138583;6.9510621
26AT;52.0049202;4.3938834
26AV;52.0428106;4.3679192
26PL;51.4430403;5.4103298
26ZZ;52.3604231;5.2434565
27CD;50.8515965;5.6547272
27CG;52.0480667;4.4092748
27CH;52.0471236;4.3754988
27CL;52.0855541;5.0677027
27CM;52.0882988;5.0532742
27CN;52.0855541;5.0677027
27CR;52.0824372;5.0147343
27JL;52.0527652;5.6422828
27LR;51.8564808;4.4685654
27LU;52.6471401;4.8268668
27LV;52.1982399;5.3733156
27LX;52.6448911;4.8078056
27MA;52.4325971;4.8515037
27ME;52.0545612;4.5381063
27MH;52.0523351;5.6393002
27NM;52.6450278;4.8210675
27NP;52.3601542;4.9913154
27NR;52.1973142;5.4164966
27NZ;52.4910426;4.9348619
27PA;52.2805427;4.6229803
27PE;52.2805427;4.6229803
27PF;52.2805427;4.6229803
27PT;52.3745445;4.9340421
27PW;52.049359;5.0807824
27RN;53.1824808;5.8382096
27RU;51.4237225;4.3254416
27UC;53.1005128;6.0703063
27WY;53.0036847;6.5040438
27WZ;53.0036847;6.5040438
27XB;51.8334637;4.6434171
27XC;51.9564065;5.8385004
27XD;51.5899435;4.9758795
27YC;52.4996039;4.6957058
27YD;52.3251723;5.6005869
27YF;52.096377;5.0031924
27YJ;51.7964863;4.6601569
27YN;52.3903528;5.1775437
28AE;52.096377;5.0031924
28AJ;52.3461433;4.7901478
28AK;52.0091354;4.7136553
28AL;52.0585227;4.5408533
28AM;52.4011566;5.3218809
28AW;52.1045493;5.0436252
28BA;52.3608;4.9830724
28BE;51.8334637;4.6434171
28BG;51.9218716;5.8616211
28BP;52.528919;6.0534955
28BZ;52.3990232;4.9292677
28CD;51.5722907;4.9932073
28CE;51.9880489;4.4579412
28CH;51.8690207;5.406395
28CL;51.9810845;4.5874078
28CY;52.2992755;6.7699792
28DA;52.2480382;4.4397798
29LT;52.1257795;5.232704
29UL;52.5358188;6.0630169
29XF;52.3530789;5.0064848
29XG;51.9498299;5.8444756
29XH;52.341555;5.5255914
29XJ;51.9498299;5.8444756
29XL;52.6668625;5.0862948
29XP;52.0109349;4.438007
29XW;52.2003115;5.4238975
29YC;51.8914201;4.4748053
29YD;51.9476163;5.2010123
30AP;52.0644645;5.1026223
30BB;52.3549468;4.7918598
30BD;52.003044;4.4867859
00BZ;52.5266557;6.0836231
00EM;51.8520725;4.5434552
00IH;51.9522672;5.8973302
00JH;52.7207586;6.4757592
00JX;52.2893983;4.8280879
00MI;51.3724881;5.2096613
00MN;51.8821303;4.5978094
00MY;51.3300411;3.8387794
00TN;51.1767244;5.8877066
00UI;52.1621383;5.3904368
00VW;51.8277535;4.6797988
00YG;51.4598775;6.0493575
00ZS;52.3071527;6.5119538
01AC;52.5259687;5.7223466
01AK;52.5123182;6.4243286
01BO;52.7994734;6.9148657
01CZ;50.8565044;5.6731825
01DM;51.0038134;5.8515789
01FJ;52.2236654;5.9618372
01FN;51.9712887;6.314681
01GE;51.1002153;5.8824338
01JW;52.1351387;5.0224258
02BJ;53.2150939;5.7961823
02CO;51.7572033;4.1629328
02EG;51.3226895;6.0032405
02EH;52.4983013;4.659595
02GK;51.6813408;5.1344705
02RG;51.5900052;5.3375183
02RQ;52.4937212;5.0670124
02RS;50.972209;5.8362831
02RU;51.6979827;5.9800682
02SG;51.4902751;5.6637517
02WR;53.2010076;6.5618729
02YE;52.5001621;6.06875
03BI;52.5222883;6.0681127
03CG;52.2696699;4.6441634
03GZ;51.9632474;6.3116209
03HT;52.3101058;4.8800375
03LO;50.8728464;5.7231428
03PE;52.702496;5.2185635
03UO;51.9911369;5.0911577
04BX;51.5443235;5.0830127
04CV;52.1994495;5.9919883
04DA;52.0456596;5.0757817
04DR;52.0174938;5.0507011
04TP;50.9016775;6.0288756
05GT;51.4211556;5.5500623
05YM;51.8763662;4.4741676
06UJ;52.1171307;5.1205899
06ZQ;52.343496;4.9040643
09EB;51.962761;4.5492937
11HT;51.9294732;4.5833724
12UK;51.8430948;4.959242
12VW;51.9522672;5.8973302
13HO;52.0688496;4.4762011
13MH;51.8303126;4.1380467
14AK;52.51035;5.4651767
14DV;51.9018138;4.16017
14OJ;51.5028682;3.8803026
14RX;52.0371347;5.6771953
14SP;51.8149394;4.408943
14VI;51.888309;5.605424
14VJ;51.4173164;5.5120158
14WQ;53.0968608;6.102248
14WV;52.4142333;4.6466683
14XB;51.8981759;4.5096234
15AK;52.3544541;4.6619723
15UI;52.361171;6.6707357
16KH;52.1642971;5.4013547
16NZ;51.8165621;4.4127676
16OH;52.0244564;5.570175
16OY;51.617223;5.5515409
16RC;52.0900038;4.2755437
16SM;51.8900773;4.5096224
16SQ;52.0266491;4.2302167
17IY;51.928849;4.245693
18AW;51.7939711;4.6558562
18GX;52.3843407;4.6156415
18KM;51.7542269;4.1595693
18QX;52.3568053;4.646952
18XS;52.0328232;4.2612466
18YA;52.3672797;4.8355151
19CM;51.8360782;4.3162192
19CO;52.7869875;6.9036208
19DT;52.2177331;6.8651998
19HE;52.0580216;4.3308093
19HH;52.0439723;4.32582
19HS;51.9261927;4.496228
19KG;52.1941256;6.8817683
19PA;51.9642325;6.3039069
19QB;51.4632609;5.4957014
19QE;52.6893532;6.1885537
19QG;53.113502;6.0864431
19QJ;53.1421329;6.4254657
19QV;52.9650723;5.9162594
19QX;52.8794713;6.0026371
19RA;53.3253153;6.8710601
19RE;52.2692505;6.1697057
19RH;51.6191903;5.4268668
19RT;52.079576;5.2681973
19SC;52.1705768;4.4848643
19SN;51.9682517;6.72566
19SW;53.1534233;7.0346451
19TE;52.4586962;4.6236626
19TP;53.207899;5.7757492
19UM;52.5211168;4.9642905
19VC;53.2097476;6.5793812
20GF;52.645495;4.7629135
20JJ;52.0676179;4.3073006
20KN;52.3523209;4.8166895
20LC;51.659854;5.6204189
20NG;51.7985716;4.671079
20NV;51.8110614;5.7167181
20OF;52.4110761;4.8946563
20QG;52.2237041;5.9862931
20RE;51.9380532;4.4294422
20RV;51.888091;4.559979
20WT;52.3516695;4.9252837
21GQ;52.0685789;5.098108
23HG;51.1893616;6.008945
23VE;52.5107154;6.5756141
23XJ;52.5015872;4.9486195
23XL;51.8475443;4.3252337
23XT;51.8658305;5.7550532
24DF;52.0263436;5.6534075
00KM;52.2656597;6.7932926
00KX;51.1777036;6.006211
00LD;53.0593295;6.0771906
00LH;51.4248836;5.415312
00OJ;51.4840643;3.5973221
00ON;51.8327608;5.8958952
00PQ;52.1032304;5.1101654
00PZ;52.0140925;4.3684241
00RG;53.1222251;6.089109
00RS;53.0952509;6.0733535
00SH;50.8615651;5.7277331
00SL;52.2382128;5.1546608
00TD;52.490232;4.6581292
00UT;51.2088809;5.9271678
00ZN;52.2290159;6.9111007
01AJ;52.3732849;5.7986964
01GF;51.832696;5.8017255
01HD;51.5057237;3.8836386
01JG;52.5213884;6.1041639
01JR;51.7924355;5.9117607
01KX;52.5144836;4.967098
01MI;52.4963033;4.5939427
01OY;52.0393939;4.3871158
01PJ;51.3635754;5.3241132
01RB;51.1746613;5.8895985
01UC;51.8612725;4.5295353
01UQ;51.3599541;6.1955342
01WX;52.6174179;4.7460162
02AC;52.1483041;5.4018055
02CH;53.1750233;6.6009763
02CK;51.4892431;3.8996204
02CP;52.3815926;5.80062
02CV;52.0734595;5.1213897
02DE;52.0989068;4.3167576
02EJ;52.2004963;4.4105829
02EP;53.2034071;5.831112
02FN;52.1556561;4.4628843
02GA;52.0618474;4.2924391
02GB;52.0317201;4.3214621
02GD;52.2309069;6.8800991
02GM;52.2149854;6.1386437
02MO;52.2330614;6.8784465
02OM;53.2514046;6.5889886
02QV;51.337505;6.1861367
02QY;52.3658681;4.8364367
02RJ;51.5722211;4.755517
02SP;50.8728464;5.7231428
02YJ;51.9922631;4.3445766
02YP;52.2820771;5.2146166
02YR;53.1983143;6.553357
02YT;52.0795986;5.1528096
03JT;51.823239;5.8442464
03ND;52.1220744;5.0915899
03PB;53.0928746;6.0778884
03RH;51.8129158;5.869456
03TV;51.4199654;5.4950734
04AN;51.9443978;6.1320464
04EF;52.1463247;4.6879019
04EP;51.0038134;5.8515789
04GJ;52.6444486;5.0640823
04IV;51.6471183;5.2963445
04LQ;53.1750233;6.6009763
05GS;51.4901492;5.4552491
05HJ;51.3658674;5.5915173
05HS;51.3291072;3.8499319
05PZ;52.5545769;5.893864
05XA;52.3555109;4.8807475
07IC;51.8831235;5.42238
07IT;52.9562808;4.7607972
07QN;52.0609168;4.4682693
08XZ;52.0609168;4.4682693
08ZP;51.4901492;5.4552491
09VM;52.0609168;4.4682693
10BW;52.7826705;4.7833825
12QB;52.3799116;4.8264812
12QN;50.9880056;5.8617419
14MY;52.2429114;4.452084
14NT;51.8242952;5.8452316
14OH;51.8265534;4.7657626
14OP;51.8327608;5.8958952
14PR;51.5001848;3.8849452
14QX;51.6473388;5.2673867
14RB;52.1207602;5.506102
14TV;52.0609168;4.4682693
14UP;53.1888574;6.5719603
14VR;50.8706717;5.7933427
14WS;52.7133539;5.7407659
15DZ;52.5137108;4.9526105
15KH;52.0709734;4.4882836
15MR;52.5051951;5.4846757
16LO;51.5361244;4.4394508
16OJ;52.1611877;5.408285
16QX;52.7222227;6.4700619
16SO;51.4901492;5.4552491
16TF;53.1167749;6.1025941
16TL;52.3424262;5.6445034
16TW;51.9189666;4.4176733
17GQ;51.3655134;6.1760185
17GW;51.6392383;5.3462896
17JJ;52.3105696;5.598232
17LV;50.851495;5.662851
17WK;51.9625333;4.4702676
17WM;51.4901492;5.4552491
17WV;51.8750382;4.5196894
17ZT;52.1167524;5.0990451
18BV;52.4065733;4.6424784
18CP;53.1750233;6.6009763
18CZ;51.3025394;5.8924887
18KC;51.9038214;4.1600061
18KL;52.3726416;4.6042699
18LW;52.3621156;4.633824
18ZJ;52.6465221;4.7261717
19HT;51.4410305;5.4442568
19LZ;52.2139004;6.9307686
19QU;51.9141797;4.3441037
19SK;52.7056913;6.2011716
19SU;52.1483041;5.4018055
19SY;52.2683008;6.1581748
19TX;52.9424155;5.9368828
19TZ;53.1373246;7.0380984
20JG;52.0648572;4.2283484
20JL;52.0499644;4.3063365
20OJ;52.2216641;5.9513664
20RI;51.8807183;4.4609682
20RJ;51.9207432;4.5295874
20RK;51.9602992;4.4795127
20RL;51.8858079;4.496985
20RT;51.8845084;4.5014038
20RX;51.952295;4.4774448
20WD;52.3599699;4.8391534
20WO;52.3599699;4.8391534
20WQ;52.3965584;4.8514809
20WR;52.3658681;4.8364367
20WU;52.3217781;4.946849
20WV;52.3217781;4.946849
20WW;52.3599699;4.8391534
20WX;52.3217781;4.946849
20XV;52.3529562;4.9439857
20YC;52.3586454;4.9420698
20YD;52.3572893;4.7793066
20YN;52.3410379;4.8522478
21EJ;52.337753;4.8954629
21EN;52.3926539;4.9307444
21GN;51.6977723;5.2635357
21JR;51.8936481;4.546083
21KW;52.1202418;5.0971543
21RO;51.590203;4.8094877
21SG;50.8992964;5.9784248
23FA;52.3301571;4.9402653
23GH;52.1832663;5.2831383
23HU;52.5024841;5.4584691
23VR;52.5231494;5.4772065
23XK;51.644199;5.3016871
24EN;51.6392383;5.3462896
24FD;51.6473388;5.2673867
26LD;53.2104684;5.7776409
26LF;52.0961763;5.1113458
26LY;51.8221677;4.4184335
26NC;52.5222883;6.0681127
26NE;51.4889918;3.958183
26NN;51.6509302;3.9270859
26NU;52.0056901;4.6982978
30EF;52.3897133;5.2488676
PROMO;51.435045;5.4798461
30FL;51.5799095;4.7754693
30FM;51.9388923;6.0757299
30GJ;52.3627999;4.8382782
16UO01;52.0942887;5.0984002
18317;51.2215444;2.954607
115873;50.8080392;3.3505258
14803;51.0002929;5.4928018
14HV01;52.5137849;5.7104798
107623;51.0095756;5.5126156
04YE08;53.1032247;6.1203956
HEUTINK;52.241181;6.7771223
24CP02;52.0370479;4.4753486
CW_1;12.16957;-68.99002
00KM22;52.3701107;6.6652801
00SH01;50.8571052;5.6742743
01QH04;52.0909465;6.5097302
02EJ02;52.1885263;4.4214989
02EJ03;52.2556164;4.5637449
02VX03;52.1947046;6.0155556
02YP01;52.2820771;5.2146166
02YT01;52.0867499;5.1438629
02YT02;52.0795986;5.1528096
04EY01;51.4907533;3.9145046
04EY04;51.4836059;3.6173869
04YZ01;52.2260976;5.1954227
05VR01;52.2741549;6.1483235
05VR02;52.2688518;6.1394079
06GN01;52.1200064;5.1091042
07EQ01;52.3372514;5.5193196
07LJ01;52.3830806;4.7314806
07QN01;52.0609168;4.4682693
07TJ02;52.3513259;4.8625407
08FH01;51.9594236;5.9629991
08LL01;52.3037528;6.751837
09JB02;51.9178517;4.4076886
09JV01;52.2916112;5.2656547
"30RE ";52.6939759;6.1924902
10MI03;52.2103091;6.9090435
10PC01;51.880073;5.4166372
11AQ;52.1153813;4.4445932
11CF01;52.3597829;4.620811
11QK02;52.0338325;5.0875609
11FX02;51.9519908;6.2649167
11MC02;51.5620149;4.6308527
11OD01;52.5694871;5.8244111
11VP01;52.490128;4.6536876
12LT01;51.8601438;4.4149833
12SW01;52.5057197;6.1059465
12UZ01;52.7235811;6.4787698
12UZ02;52.7185571;6.4977334
13CD01;52.3835654;4.8728416
13JX01;52.2300157;6.8600645
13QZ01;52.0107352;4.3380191
13RY01;52.0605408;4.3379173
13UD01;51.8856591;5.4242661
13XL01;51.8342787;4.9593998
13XL02;51.842151;4.972476
14ET01;52.3095277;4.8677075
15JF01;52.0584828;5.0804164
30TE;51.011415;5.8553712
15OF01;52.0345206;5.0821044
15WG02;52.0680472;5.1223795
15ZK01;52.9502948;4.7563246
16HC01;51.9176015;4.5466725
16HJ02;53.2106811;5.8042783
16KS02;51.8564808;4.4685654
16LQ01;52.371488;4.6466499
16NG02;52.3533296;4.6633026
16NS;53.2150939;5.7961823
16UJ01;52.6253131;4.7199882
16UN01;50.8640623;5.7079686
16ZB01;53.2154086;5.8399445
30UY;53.2295911;6.5029219
17LV01;50.8616559;5.6484285
17NV01;52.1800547;4.5028517
17QL01;51.4667149;5.4558652
17RV01;52.0902257;4.2602994
17ZR03;52.1063783;5.1018121
18OF02;51.4528211;5.4743725
19CB02;51.8909913;4.5489099
19LZ01;52.2377446;6.8925767
19NS01;52.2244904;6.8965006
19QD01;52.0533169;4.302928
19UB01;51.9670513;5.8976982
20BG01;52.9864974;6.5284394
20KH01;51.9458491;4.4719367
20YG;52.3529562;4.9439857
22JE01;51.9416752;5.9047637
22JQ01;52.3792352;5.7828682
22KA01;52.4457534;4.8166467
23CM01;51.5145928;4.436535
23FB;52.3396974;4.8125506
23HU04;52.5231494;5.4772065
23HU03;52.7141163;5.7441591
25HE04;51.7547636;5.7492735
27YZ01;51.7286137;5.3656769
TROOSTERS;50.789057;5.471981
75LW;53.1932517;6.5728331
126607;51.0544384;3.7173297
OLF;52.9660994;5.9006169
28JF;41.3014077;-91.6916417
CW_2;12.16957;-68.99002
03ZY;52.5226767;6.4175313
117;50.8668816;4.2985254
307;50.9358179;4.4305202
381;50.8215611;4.5026627
431;51.2820787;4.4176065
653;51.3176532;4.852937
851;51.1292602;4.4437376
1503;51.2247152;5.4286406
2212;51.2078551;2.9051845
2551;50.8541318;2.8783601
2592;50.85494;2.72669
2667;51.1787632;3.7466865
3145;50.8022226;3.6746501
3641;50.870079;3.6109566
3681;50.8529101;4.34513
3871;50.8723571;4.3916986
4515;51.07973;5.02024
4788;50.804849;4.2846175
4929;50.76778;4.27707
4978;50.8061333;4.1494724
4994;50.8127052;4.1686333
5082;50.9086146;4.1928987
5173;50.882721;4.2791501
5249;50.8805828;4.1429199
5652;50.9349827;4.3301243
5934;50.8612562;4.512338
6031;51.2194475;4.4024643
6163;51.2194475;4.4024643
6171;51.2194475;4.4024643
6189;51.2194475;4.4024643
6197;51.2194475;4.4024643
6205;51.2194475;4.4024643
6213;51.2194475;4.4024643
6247;51.2194475;4.4024643
6254;51.2194475;4.4024643
6262;51.2194475;4.4024643
6271;51.2194475;4.4024643
6312;51.2131476;4.4276768
6346;51.2194475;4.4024643
6379;51.2194475;4.4024643
6403;51.2194475;4.4024643
129098;51.2194475;4.4024643
6445;51.2194475;4.4024643
6478;51.2194475;4.4024643
6486;51.2194475;4.4024643
6502;51.2194475;4.4024643
6511;51.2194475;4.4024643
6536;51.2194475;4.4024643
6551;51.2194475;4.4024643
6577;51.2194475;4.4024643
6593;51.2194475;4.4024643
6635;51.2194475;4.4024643
6643;51.2194475;4.4024643
6651;51.2194475;4.4024643
6726;51.2194475;4.4024643
6742;51.2194475;4.4024643
6767;51.2194475;4.4024643
6775;51.2194475;4.4024643
6791;51.2194475;4.4024643
6817;51.2194475;4.4024643
6941;51.2398387;4.4451173
6973;51.2775374;4.4205616
7021;51.3062109;4.4372702
7062;51.3536494;4.4030579
7138;51.1986598;4.4664013
7153;51.2320114;4.4637868
7179;51.223013;4.4881373
7187;51.1945931;4.4704632
7195;51.2258097;4.4693832
7229;51.228458;4.4572495
7237;51.2070994;4.4749754
7245;51.232732;4.4482541
7252;51.2309815;4.478649
7261;51.2312344;4.4832059
7294;51.2269239;4.4519145
7427;51.2282792;4.5302794
7765;51.2654511;4.7122959
7914;51.3892929;4.4608849
8045;51.2133;4.43619
8052;51.2139967;4.4417647
8102;51.213847;4.4405633
8111;51.2170191;4.4379925
8128;51.2173301;4.4430028
8136;51.205041;4.4515035
8144;51.21004;4.434
8201;51.1914298;4.5605134
8268;51.2129972;4.5997149
8334;51.1813334;4.6020124
8342;51.1813334;4.6020124
8433;51.1378612;4.7579059
8649;51.3292803;4.7840126
8862;51.3138446;4.9899134
9233;51.1712392;4.9035511
10223;51.2194475;4.4024643
10231;51.19403;4.44555
10249;51.1804003;4.4298646
10256;51.182187;4.4399624
10264;51.19974;4.42682
10322;51.1797253;4.4261449
10371;51.1791001;4.3778806
10397;51.1733475;4.4196339
10488;51.1264318;4.3337773
10561;51.1011334;4.4125882
10587;51.109542;4.3288318
11114;51.185325;4.341385
11131;51.1734549;4.3626569
11148;51.1839527;4.3640408
11155;51.1725573;4.3674122
11288;51.2224882;4.2822314
11321;51.219647;4.248363
11973;51.0231918;4.2912078
12369;50.88514;4.73571
13235;50.9466031;4.9819986
14092;51.0266737;5.4863187
14316;51.1265179;5.3656397
14662;50.9635425;5.4973289
14671;50.9281937;5.5319504
14696;50.9547492;5.424704
14746;51.0004775;5.5105215
14753;51.0004775;5.5105215
14811;50.9880158;5.5339757
14845;50.9719332;5.4549167
14861;50.9603288;5.5126145
14985;50.9029298;5.4729803
15107;50.9422215;5.7185902
15172;51.0120038;5.7217017
15751;50.8897326;5.5261669
15792;50.8828326;5.6698092
16071;50.82116;5.24767
16139;50.8750795;5.3083795
16832;51.0847654;5.0625664
17244;51.0669006;3.0833411
17301;51.025671;3.0031283
17939;51.2020234;3.2550607
17962;51.1685563;3.3397246
18044;51.2941105;3.1923223
18358;51.2711362;3.0361011
18382;51.1866673;2.8211421
19224;50.8577691;3.1258773
19811;50.9205968;3.3375638
19869;50.8880819;3.435877
20305;50.9990858;3.3255952
21071;51.0658539;3.7290448
21154;51.0515277;3.7342105
22442;50.9899986;3.7542864
22475;51.01846;3.7743307
22772;50.9348927;4.0293714
23655;50.9134028;3.9202801
25015;51.1552415;3.6047077
25478;51.2194475;4.4024643
25486;51.2194475;4.4024643
25502;51.2194475;4.4024643
25511;51.2194475;4.4024643
25528;51.2194475;4.4024643
25544;51.2194475;4.4024643
25551;51.2194475;4.4024643
25569;51.2259472;4.4801258
25619;51.3213803;4.5008732
25643;51.2053;4.45512
25841;51.1797533;4.3602018
26112;50.9889593;5.5090462
26211;50.8745131;5.5190684
26641;50.8020441;3.1104891
27151;51.0567048;3.5731481
44693;50.94955;4.83339
44818;50.9072633;4.6721039
45286;51.0207277;4.4334432
46797;51.2041606;4.4639305
55855;50.795496;3.1242812
61754;51.2194475;4.4024643
61986;50.7135105;4.2238848
62364;51.1581413;5.0123214
103242;51.2194475;4.4024643
104431;50.9860724;5.1921477
105445;51.2526476;4.2786812
105833;50.9335752;4.426605
106005;50.9808891;3.8734909
107541;51.25596;4.48443
107631;50.9636077;5.7004592
108225;50.8788886;3.2364416
110205;51.0963338;5.7870602
111104;50.9895648;3.3336767
113217;51.2194475;4.4024643
113662;50.8828691;5.5092231
115576;51.2359338;5.3635982
115667;50.9540783;5.471317
117151;50.974123;5.5218107
117366;51.2194475;4.4024643
117887;50.7351102;4.2389149
117903;51.2194475;4.4024643
125674;50.8077305;3.2586304
128702;51.2783598;4.4511492
126524;51.3219361;4.9543545
13AL01;53.1718265;6.6052429
126599;50.9400718;4.0315465
20JX04;51.487491;5.6571122
18GW01;52.4170219;5.8776807
116616;50.8547578;4.3486406
25LX16;51.6112334;4.7839561
21KM;52.0504066;4.4899824
30GB;51.4509223;5.4797476
17YF;51.8858079;4.496985
TH_1;12.740;101.050
TRAINERS;51.435045;5.4798461
129254;51.2130001;4.4444118
129081;51.203688;4.4206206
27524;51.2107838;4.4054113
27557;51.2287575;4.3740221
27458;51.2251205;4.4321353
27599;51.3213803;4.5008732
27565;51.2312344;4.4832059
6437;51.2496812;4.4238647
00BH;52.2535903;6.1683734
00GT;51.9030315;4.5105594
116194;51.0414256;3.7241261
25DW;52.1587485;5.3797978
18uh01;52.3608744;4.8922555
CW_12;12.1399;-68.9155
13XW01;52.6809354;6.5780049
13XW02;52.7464921;6.5461058
13AZ01;52.7700455;6.4520836
19AG03;52.4394803;4.8430067
21HC;51.9974808;4.2040726
18VX;51.9165722;4.3861162
19TQ;52.7009082;6.1959668
KEii;51.3889534;5.4235737
20bk01;51.4760859;5.4441977
30PF;53.2193835;6.5665018
11OA02;51.4704442;3.8792334
28GE;1.34573;103.78992
US_116;39.3181395;-74.9530257
01NJ;53.3355856;6.5219289
01UC03;51.9201319;4.4545373
US_146;40.534078;-75.061921
US_149;40.7701939;-73.82762
US_151;39.9975128;-74.7894791
CW_33;12.1450309;-68.9259267
02RH01;51.5367837;4.4465145
16JY01;53.1691523;5.7941469
10IZ;52.1035416;5.1331649
17RK01;52.0795762;5.1117253
30JR;52.0920522;5.0657566
NL_530;52.0449909;5.1007869
18UC01;52.5002303;4.7514525
US_801;42.4892857;-76.2946763
30KL;51.9609121;5.8628943
28AW01;52.1007627;5.0595588
BETA;51.4387373;5.4783485
30KN;52.5791795;4.7057319
US_1468;31.2180294;-98.3877119
GYNZY_PROMO_US;40.909228;-73.783259
19VC02;53.218679;6.5282162
19VC01;53.2296093;6.5482292
19BU01;51.8802678;4.5570002
AU_9;-37.600154;145.074078
17WV01;51.7948439;4.7087828
14VJ01;51.4529553;5.4689465
CTOUCH;51.441642;5.4697225
US_2200;43.0891787;-87.8875848
99EF;52.2660751;6.1552165
06UJ02;52.0883062;5.0169211
01KI02;52.0969322;5.2586342
US_2550;28.629981;-81.3802928
US_2561;38.9810272;-84.6524056
US_2671;29.4681153;-98.4308093
US_5726;37.5491063;-97.2658918
US_6100;39.5417572;-76.3494855
US_6375;42.568875;-70.88745
US_8761;41.678922;-81.2834251
US_10323;38.8132208;-77.1885631
US_12596;35.0141477;-81.0087133
US_19089;38.570883;-92.239364
US_24165;26.4372;-80.140421
US_28979;34.336083;-86.7624913
US_32243;40.0272338;-120.104056
US_40837;41.9035448;-72.4672254
US_42366;25.9369686;-81.5596427
US_45923;32.5741286;-82.3156513
US_46466;34.0371379;-83.2258612
US_46482;32.2584738;-84.5716509
US_49108;38.783812;-89.925012
US_52774;42.4641498;-92.6282497
US_53374;42.9963772;-96.4891976
US_55259;38.3835716;-85.4398594
US_61455;43.8533971;-83.9672662
US_61837;42.6469624;-82.9740322
US_62881;44.8933903;-94.3721038
US_63540;44.9668927;-93.8478276
US_68371;39.920263;-75.107989
US_69158;39.6936682;-75.004913
US_78366;39.711741;-84.089668
US_83732;41.9152194;-71.6714162
US_89023;30.6703541;-96.3611591
US_89591;32.8944246;-97.1544009
US_90317;32.3878021;-94.8744198
US_90318;32.3862619;-94.8757709
US_90321;32.3878021;-94.8744198
US_93028;31.7413829;-106.3385318
US_93928;43.9197119;-73.11792
US_95053;37.124332;-77.226374
US_95478;38.2545737;-76.963583
US_97582;37.2575227;-81.2102662
US_99308;43.007117;-88.232789
129627;51.2155587;4.4051613
129619;51.213847;4.4405633
30PM;52.3614415;4.9823108
30VE;52.3961097;4.9370625
14AI01;52.3620129;4.936535
129321;51.2007269;4.4014548
18LZ01;51.9787451;5.1226058
BE_23;50.884218;4.3580002
11OA04;51.4217821;3.7327515
30UP;52.3398765;4.9152187
22ex01;52.7783293;6.9120234
TT_1;11.2267851;-60.6517354
14yv01;51.827361;4.6457408
16KS01;51.8552487;4.3578961
US_101073;43.08195;-88.144352
103581;51.1998781;4.7719229
14FX01;51.5127489;3.8787736
23HU12;52.7138525;5.7558742
18UZ;52.9894151;6.9580785
US_102210;31.2663025;-85.3803866
30JP;52.0208332;5.5796375
US_103675;36.5961333;-79.4138232
US_104161;34.5199402;-105.8700901
129941;51.2196067;4.4095693
AG66;52.3332699;5.6151944
23CW01;52.0293429;5.5441821
19QA;51.9511088;5.233689
US_107121;35.2145336;-90.1964835
25LN;52.024049;4.7146257
BE_24;50.8214632;4.4008852
GYNZY_PROMO_BE;51.2130001;4.4444118
129114;51.1129041;3.7109913
20AU;51.86997;5.8561
30GB02;51.6219706;5.5638749
15BK;52.0188733;4.6993481
19YT;52.6474206;4.7366824
20CB;52.0261076;4.2681171
AIX_CONCEPT_DE;51.43681;5.4787
DE_481;50.89251;6.90018
03UB;52.1773588;5.000288
11LI;52.3137014;4.6544338
12ZH;52.7702671;5.7487476
07AM;52.3094214;4.6796622
10XM;52.3097079;4.673041
14FM;52.0085086;4.3476667
18VB;52.3807218;4.8410872
20SK;52.3524622;4.8267098
23RE;52.2962269;4.6704805
23UP;51.9111431;4.4382408
27CA;51.5725547;4.9806918
23DC;51.7253504;5.136631
14FM01;52.0107352;4.3380191
18PJ;52.3801965;6.2768258
04QN;53.391354;5.31527
08KC;52.3837448;4.8286969
28CC;51.5391053;5.0766073
21RI04;51.9257013;4.4668748
27PZ;52.2944452;4.6982544
22OJ;51.9143832;4.4711143
25KB;51.8125626;5.8372264
08OK;51.471313;5.707383
22EX04;52.9961069;6.5491223
22EX;53.2111321;5.7965
08YJ;52.2715044;6.7991696
103771411;50.9949103;3.3333196
00IC;52.5064301;6.1074367
21MI;51.4498573;3.5886808
28DN;52.3592338;4.9086563
09OT;51.9671898;6.3028328
25BE;53.24064;6.531208
01VU;52.5000353;6.0794229
34808;52.3701792;5.2221337
21UG;52.3674876;4.8368864
25BA;52.0193519;5.6640005
07GR;51.5837987;4.7969819
04VB;51.8808173;4.1310175
05EH;51.3962573;5.4705515
07VQ;52.7105454;4.6978284
13CW;52.3826781;5.2247527
17RY;51.4412241;5.4919349
GYNZY_PROMO_DE;51.43681;5.4787
DE5224;47.7262878;10.3165067
DE6598;48.3210244;10.0700123
DE7417;52.458868;13.3782358
MYBOARD_FIRST_PROMO;51.43681;5.4787
DE_12;54.0838949;12.1666436
DE_34;48.4026;10.60137
DE_71;52.5200066;13.404954
DE_144;52.27702;9.95146
DE_151;52.50705;13.46024
DE_152;53.3357829;7.5633986
DE_153;52.17351;10.33915
DE_202;51.47316;9.0036
DE_223;49.865436;8.671281
DE_240;47.8502;12.13468
DE_245;49.82212;8.63686
DE_250;49.80558;8.64357
DE_259;50.8787376;11.953394
DE_260;52.36097;10.75081
DE_270;49.8109;8.6425
DE_281;49.85075;8.62689
DE_293;53.4824884;10.1733705
DE_296;48.19887;11.38183
MZ;51.2790282;7.1566094
DE_329;51.99540;6.9216
DE_332;52.34863;10.78112
DE_336;48.50082;10.40464
DE_349;53.4821;10.17422
DE_368;52.28606;7.4258
DE_379;52.4835636;13.4518514
DE_383;52.4795727;13.4402166
DE_486;49.2953714;8.6962064
DE_613;51.60843;6.92526
DE_670;51.4332367;7.6615938
DE_704;51.7708;7.89171
DE_716;52.3862;13.40487
AT_11;48.2969464;16.4586304
RO_3;45.655651;25.6108
DE_892;49.86775;8.66032
DE_911;50.63302;9.39461
DE_922;50.1285149;12.0053842
QLICT;52.2243154;6.8851301
04MJ;52.0282621;5.1617005
27ML;52.4903043;4.6872123
08VN;51.8897892;4.3924556
05GR;52.0036195;5.6777776
08RC;51.81583;4.9514
11XZ;51.5092371;4.2933926
13XL;51.8398138;4.9786674
04AK;52.1009289;5.2661494
07AM01;52.3087315;4.6361276
05XX;52.0497654;6.3124017
08FA;52.008562;6.1753127
12NX;51.977146;6.2899477
13HJ;51.9368493;6.3416965
13MN;51.9728286;6.3150924
13YQ;51.9647983;6.2497657
18LJ;52.0153967;6.1376739
05RO;51.9112908;5.5719129
08BU;51.928473;5.7162274
26PV;52.2731872;4.6113496
OOG;52.3638035;4.8409549
11WD;52.0237325;5.5320846
13CG;52.0229188;5.5338748
13HR01;52.0252345;5.5772785
09PI;51.958738;4.2172325
